,x,y,z,data
0,-2000.0,-2000.0,-150.0,-3.5098978104
1,-2000.0,-1897.43589744,-150.0,-3.63344860341
2,-2000.0,-1794.87179487,-150.0,-3.66607109847
3,-2000.0,-1692.30769231,-150.0,-3.57787703769
4,-2000.0,-1589.74358974,-150.0,-3.36885910237
5,-2000.0,-1487.17948718,-150.0,-3.09112354481
6,-2000.0,-1384.61538462,-150.0,-2.83649586357
7,-2000.0,-1282.05128205,-150.0,-2.68514838831
8,-2000.0,-1179.48717949,-150.0,-2.66468653591
9,-2000.0,-1076.92307692,-150.0,-2.75476301237
10,-2000.0,-974.358974359,-150.0,-2.91568332903
11,-2000.0,-871.794871795,-150.0,-3.11031331044
12,-2000.0,-769.230769231,-150.0,-3.3120012198
13,-2000.0,-666.666666667,-150.0,-3.50422208275
14,-2000.0,-564.102564103,-150.0,-3.67766532032
15,-2000.0,-461.538461538,-150.0,-3.82747929031
16,-2000.0,-358.974358974,-150.0,-3.95139801642
17,-2000.0,-256.41025641,-150.0,-4.04864837303
18,-2000.0,-153.846153846,-150.0,-4.11932241098
19,-2000.0,-51.2820512821,-150.0,-4.16393845312
20,-2000.0,51.2820512821,-150.0,-4.18304888869
21,-2000.0,153.846153846,-150.0,-4.176910566
22,-2000.0,256.41025641,-150.0,-4.14534282852
23,-2000.0,358.974358974,-150.0,-4.08789353879
24,-2000.0,461.538461538,-150.0,-4.00433320154
25,-2000.0,564.102564103,-150.0,-3.89541362274
26,-2000.0,666.666666667,-150.0,-3.76385498422
27,-2000.0,769.230769231,-150.0,-3.61563961702
28,-2000.0,871.794871795,-150.0,-3.46176355076
29,-2000.0,974.358974359,-150.0,-3.32042787914
30,-2000.0,1076.92307692,-150.0,-3.21889766603
31,-2000.0,1179.48717949,-150.0,-3.19242017395
32,-2000.0,1282.05128205,-150.0,-3.27494248655
33,-2000.0,1384.61538462,-150.0,-3.47711470245
34,-2000.0,1487.17948718,-150.0,-3.76058935327
35,-2000.0,1589.74358974,-150.0,-4.03908642747
36,-2000.0,1692.30769231,-150.0,-4.22314909154
37,-2000.0,1794.87179487,-150.0,-4.26932772841
38,-2000.0,1897.43589744,-150.0,-4.18711547938
39,-2000.0,2000.0,-150.0,-4.01320697562
40,-1897.43589744,-2000.0,-150.0,-4.04104690319
41,-1897.43589744,-1897.43589744,-150.0,-4.18695109589
42,-1897.43589744,-1794.87179487,-150.0,-4.16367202799
43,-1897.43589744,-1692.30769231,-150.0,-3.87804871095
44,-1897.43589744,-1589.74358974,-150.0,-3.28983022897
45,-1897.43589744,-1487.17948718,-150.0,-2.50833781793
46,-1897.43589744,-1384.61538462,-150.0,-1.78499972318
47,-1897.43589744,-1282.05128205,-150.0,-1.33306319568
48,-1897.43589744,-1179.48717949,-150.0,-1.19277181794
49,-1897.43589744,-1076.92307692,-150.0,-1.28182683364
50,-1897.43589744,-974.358974359,-150.0,-1.49687720828
51,-1897.43589744,-871.794871795,-150.0,-1.76163673277
52,-1897.43589744,-769.230769231,-150.0,-2.03120623452
53,-1897.43589744,-666.666666667,-150.0,-2.2825003106
54,-1897.43589744,-564.102564103,-150.0,-2.50478634983
55,-1897.43589744,-461.538461538,-150.0,-2.6935663171
56,-1897.43589744,-358.974358974,-150.0,-2.84736303724
57,-1897.43589744,-256.41025641,-150.0,-2.96627949594
58,-1897.43589744,-153.846153846,-150.0,-3.0513676628
59,-1897.43589744,-51.2820512821,-150.0,-3.10416237836
60,-1897.43589744,51.2820512821,-150.0,-3.12607453357
61,-1897.43589744,153.846153846,-150.0,-3.11770940383
62,-1897.43589744,256.41025641,-150.0,-3.07846399056
63,-1897.43589744,358.974358974,-150.0,-3.00673895695
64,-1897.43589744,461.538461538,-150.0,-2.900781843
65,-1897.43589744,564.102564103,-150.0,-2.75991729662
66,-1897.43589744,666.666666667,-150.0,-2.58603061689
67,-1897.43589744,769.230769231,-150.0,-2.38558010888
68,-1897.43589744,871.794871795,-150.0,-2.17284224959
69,-1897.43589744,974.358974359,-150.0,-1.9752780366
70,-1897.43589744,1076.92307692,-150.0,-1.84123736376
71,-1897.43589744,1179.48717949,-150.0,-1.84663607074
72,-1897.43589744,1282.05128205,-150.0,-2.08676453672
73,-1897.43589744,1384.61538462,-150.0,-2.6252476186
74,-1897.43589744,1487.17948718,-150.0,-3.39680687734
75,-1897.43589744,1589.74358974,-150.0,-4.17276977351
76,-1897.43589744,1692.30769231,-150.0,-4.70906041562
77,-1897.43589744,1794.87179487,-150.0,-4.91824493383
78,-1897.43589744,1897.43589744,-150.0,-4.86005272796
79,-1897.43589744,2000.0,-150.0,-4.63812484813
80,-1794.87179487,-2000.0,-150.0,-4.69630150152
81,-1794.87179487,-1897.43589744,-150.0,-4.88560837056
82,-1794.87179487,-1794.87179487,-150.0,-4.76550417927
83,-1794.87179487,-1692.30769231,-150.0,-4.05591156498
84,-1794.87179487,-1589.74358974,-150.0,-2.51215116367
85,-1794.87179487,-1487.17948718,-150.0,-0.336835668387
86,-1794.87179487,-1384.61538462,-150.0,1.66907640882
87,-1794.87179487,-1282.05128205,-150.0,2.85886897302
88,-1794.87179487,-1179.48717949,-150.0,3.24879308464
89,-1794.87179487,-1076.92307692,-150.0,3.15729412281
90,-1794.87179487,-974.358974359,-150.0,2.85215282231
91,-1794.87179487,-871.794871795,-150.0,2.48377579882
92,-1794.87179487,-769.230769231,-150.0,2.12195883212
93,-1794.87179487,-666.666666667,-150.0,1.79478020996
94,-1794.87179487,-564.102564103,-150.0,1.5119116773
95,-1794.87179487,-461.538461538,-150.0,1.27592376605
96,-1794.87179487,-358.974358974,-150.0,1.08679045327
97,-1794.87179487,-256.41025641,-150.0,0.943175190341
98,-1794.87179487,-153.846153846,-150.0,0.842592463869
99,-1794.87179487,-51.2820512821,-150.0,0.781669311623
100,-1794.87179487,51.2820512821,-150.0,0.7571453133
101,-1794.87179487,153.846153846,-150.0,0.767455121754
102,-1794.87179487,256.41025641,-150.0,0.81388739743
103,-1794.87179487,358.974358974,-150.0,0.900303085452
104,-1794.87179487,461.538461538,-150.0,1.03146094602
105,-1794.87179487,564.102564103,-150.0,1.21088573698
106,-1794.87179487,666.666666667,-150.0,1.43883554521
107,-1794.87179487,769.230769231,-150.0,1.70971858609
108,-1794.87179487,871.794871795,-150.0,2.00708972737
109,-1794.87179487,974.358974359,-150.0,2.2930802087
110,-1794.87179487,1076.92307692,-150.0,2.48763626739
111,-1794.87179487,1179.48717949,-150.0,2.43454728864
112,-1794.87179487,1282.05128205,-150.0,1.87342775309
113,-1794.87179487,1384.61538462,-150.0,0.519974195245
114,-1794.87179487,1487.17948718,-150.0,-1.57878570676
115,-1794.87179487,1589.74358974,-150.0,-3.73032981948
116,-1794.87179487,1692.30769231,-150.0,-5.1593499916
117,-1794.87179487,1794.87179487,-150.0,-5.72420752265
118,-1794.87179487,1897.43589744,-150.0,-5.7087058927
119,-1794.87179487,2000.0,-150.0,-5.4050737025
120,-1692.30769231,-2000.0,-150.0,-5.50813418545
121,-1692.30769231,-1897.43589744,-150.0,-5.7961929204
122,-1692.30769231,-1794.87179487,-150.0,-5.56048309145
123,-1692.30769231,-1692.30769231,-150.0,-4.02919902049
124,-1692.30769231,-1589.74358974,-150.0,-0.0656676827973
125,-1692.30769231,-1487.17948718,-150.0,6.25528337978
126,-1692.30769231,-1384.61538462,-150.0,11.9874696085
127,-1692.30769231,-1282.05128205,-150.0,14.9415121102
128,-1692.30769231,-1179.48717949,-150.0,15.7689850166
129,-1692.30769231,-1076.92307692,-150.0,15.629172366
130,-1692.30769231,-974.358974359,-150.0,15.1671516778
131,-1692.30769231,-871.794871795,-150.0,14.6492531524
132,-1692.30769231,-769.230769231,-150.0,14.1677944207
133,-1692.30769231,-666.666666667,-150.0,13.7477402042
134,-1692.30769231,-564.102564103,-150.0,13.3925141265
135,-1692.30769231,-461.538461538,-150.0,13.1007996112
136,-1692.30769231,-358.974358974,-150.0,12.8709015399
137,-1692.30769231,-256.41025641,-150.0,12.70054333
138,-1692.30769231,-153.846153846,-150.0,12.585516545
139,-1692.30769231,-51.2820512821,-150.0,12.519079897
140,-1692.30769231,51.2820512821,-150.0,12.4936606923
141,-1692.30769231,153.846153846,-150.0,12.5049078253
142,-1692.30769231,256.41025641,-150.0,12.5552144027
143,-1692.30769231,358.974358974,-150.0,12.6532315248
144,-1692.30769231,461.538461538,-150.0,12.809714801
145,-1692.30769231,564.102564103,-150.0,13.0332692085
146,-1692.30769231,666.666666667,-150.0,13.3279486147
147,-1692.30769231,769.230769231,-150.0,13.691080176
148,-1692.30769231,871.794871795,-150.0,14.1072497196
149,-1692.30769231,974.358974359,-150.0,14.5314550209
150,-1692.30769231,1076.92307692,-150.0,14.8465648238
151,-1692.30769231,1179.48717949,-150.0,14.7635667563
152,-1692.30769231,1282.05128205,-150.0,13.6303831231
153,-1692.30769231,1384.61538462,-150.0,10.3362025209
154,-1692.30769231,1487.17948718,-150.0,4.39455789121
155,-1692.30769231,1589.74358974,-150.0,-1.84542428187
156,-1692.30769231,1692.30769231,-150.0,-5.53824075649
157,-1692.30769231,1794.87179487,-150.0,-6.78963384267
158,-1692.30769231,1897.43589744,-150.0,-6.80195179469
159,-1692.30769231,2000.0,-150.0,-6.34586276071
160,-1589.74358974,-2000.0,-150.0,-6.49969599903
161,-1589.74358974,-1897.43589744,-150.0,-7.00019199057
162,-1589.74358974,-1794.87179487,-150.0,-6.7549409638
163,-1589.74358974,-1692.30769231,-150.0,-4.03414539642
164,-1589.74358974,-1589.74358974,-150.0,5.18700534836
165,-1589.74358974,-1487.17948718,-150.0,23.0237411797
166,-1589.74358974,-1384.61538462,-150.0,38.7031271827
167,-1589.74358974,-1282.05128205,-150.0,45.1312995731
168,-1589.74358974,-1179.48717949,-150.0,46.4449648859
169,-1589.74358974,-1076.92307692,-150.0,46.0976135248
170,-1589.74358974,-974.358974359,-150.0,45.3736917247
171,-1589.74358974,-871.794871795,-150.0,44.6576631754
172,-1589.74358974,-769.230769231,-150.0,44.0361147143
173,-1589.74358974,-666.666666667,-150.0,43.5117388977
174,-1589.74358974,-564.102564103,-150.0,43.0743566555
175,-1589.74358974,-461.538461538,-150.0,42.7182788134
176,-1589.74358974,-358.974358974,-150.0,42.4422291422
177,-1589.74358974,-256.41025641,-150.0,42.245334625
178,-1589.74358974,-153.846153846,-150.0,42.1224308485
179,-1589.74358974,-51.2820512821,-150.0,42.0605129865
180,-1589.74358974,51.2820512821,-150.0,42.0409799282
181,-1589.74358974,153.846153846,-150.0,42.050787574
182,-1589.74358974,256.41025641,-150.0,42.0942842069
183,-1589.74358974,358.974358974,-150.0,42.1919129792
184,-1589.74358974,461.538461538,-150.0,42.367336639
185,-1589.74358974,564.102564103,-150.0,42.6374429903
186,-1589.74358974,666.666666667,-150.0,43.0109921357
187,-1589.74358974,769.230769231,-150.0,43.4899430699
188,-1589.74358974,871.794871795,-150.0,44.0650342267
189,-1589.74358974,974.358974359,-150.0,44.6945836808
190,-1589.74358974,1076.92307692,-150.0,45.2377931878
191,-1589.74358974,1179.48717949,-150.0,45.25239939
192,-1589.74358974,1282.05128205,-150.0,43.402552676
193,-1589.74358974,1384.61538462,-150.0,36.2539683138
194,-1589.74358974,1487.17948718,-150.0,20.0552489847
195,-1589.74358974,1589.74358974,-150.0,2.47188605229
196,-1589.74358974,1692.30769231,-150.0,-6.11502140534
197,-1589.74358974,1794.87179487,-150.0,-8.31818065235
198,-1589.74358974,1897.43589744,-150.0,-8.21506998445
199,-1589.74358974,2000.0,-150.0,-7.47945710291
200,-1487.17948718,-2000.0,-150.0,-7.66037280793
201,-1487.17948718,-1897.43589744,-150.0,-8.53700490788
202,-1487.17948718,-1794.87179487,-150.0,-8.61780834181
203,-1487.17948718,-1692.30769231,-150.0,-5.17954841559
204,-1487.17948718,-1589.74358974,-150.0,10.3291702186
205,-1487.17948718,-1487.17948718,-150.0,46.0841921751
206,-1487.17948718,-1384.61538462,-150.0,76.5398796482
207,-1487.17948718,-1282.05128205,-150.0,86.5103369375
208,-1487.17948718,-1179.48717949,-150.0,87.7351975458
209,-1487.17948718,-1076.92307692,-150.0,86.8645614708
210,-1487.17948718,-974.358974359,-150.0,85.7660654506
211,-1487.17948718,-871.794871795,-150.0,84.8381559016
212,-1487.17948718,-769.230769231,-150.0,84.0883889007
213,-1487.17948718,-666.666666667,-150.0,83.4646085105
214,-1487.17948718,-564.102564103,-150.0,82.9392355639
215,-1487.17948718,-461.538461538,-150.0,82.5087458877
216,-1487.17948718,-358.974358974,-150.0,82.1800793063
217,-1487.17948718,-256.41025641,-150.0,81.961183905
218,-1487.17948718,-153.846153846,-150.0,81.8510448885
219,-1487.17948718,-51.2820512821,-150.0,81.8260347228
220,-1487.17948718,51.2820512821,-150.0,81.8367456364
221,-1487.17948718,153.846153846,-150.0,81.8398223998
222,-1487.17948718,256.41025641,-150.0,81.8439857276
223,-1487.17948718,358.974358974,-150.0,81.9052207293
224,-1487.17948718,461.538461538,-150.0,82.0783365128
225,-1487.17948718,564.102564103,-150.0,82.3913607223
226,-1487.17948718,666.666666667,-150.0,82.8539934073
227,-1487.17948718,769.230769231,-150.0,83.4711847533
228,-1487.17948718,871.794871795,-150.0,84.2445791544
229,-1487.17948718,974.358974359,-150.0,85.1515692575
230,-1487.17948718,1076.92307692,-150.0,86.0653868048
231,-1487.17948718,1179.48717949,-150.0,86.4676866701
232,-1487.17948718,1282.05128205,-150.0,84.3842616968
233,-1487.17948718,1384.61538462,-150.0,73.1013505535
234,-1487.17948718,1487.17948718,-150.0,41.559749621
235,-1487.17948718,1589.74358974,-150.0,6.38166507286
236,-1487.17948718,1692.30769231,-150.0,-7.92275862892
237,-1487.17948718,1794.87179487,-150.0,-10.540265648
238,-1487.17948718,1897.43589744,-150.0,-9.97090999819
239,-1487.17948718,2000.0,-150.0,-8.78815816203
240,-1384.61538462,-2000.0,-150.0,-8.92684006419
241,-1384.61538462,-1897.43589744,-150.0,-10.3188512355
242,-1384.61538462,-1794.87179487,-150.0,-11.1321250218
243,-1384.61538462,-1692.30769231,-150.0,-8.35819563422
244,-1384.61538462,-1589.74358974,-150.0,8.53482641616
245,-1384.61538462,-1487.17948718,-150.0,50.7310455066
246,-1384.61538462,-1384.61538462,-150.0,86.0314693622
247,-1384.61538462,-1282.05128205,-150.0,95.9241291095
248,-1384.61538462,-1179.48717949,-150.0,95.9395203619
249,-1384.61538462,-1076.92307692,-150.0,94.1780014801
250,-1384.61538462,-974.358974359,-150.0,92.6919704686
251,-1384.61538462,-871.794871795,-150.0,91.6793807699
252,-1384.61538462,-769.230769231,-150.0,90.9055881909
253,-1384.61538462,-666.666666667,-150.0,90.2211660987
254,-1384.61538462,-564.102564103,-150.0,89.6050983755
255,-1384.61538462,-461.538461538,-150.0,89.083717397
256,-1384.61538462,-358.974358974,-150.0,88.6908264165
257,-1384.61538462,-256.41025641,-150.0,88.4612694495
258,-1384.61538462,-153.846153846,-150.0,88.4200393207
259,-1384.61538462,-51.2820512821,-150.0,88.5365745723
260,-1384.61538462,51.2820512821,-150.0,88.6699737081
261,-1384.61538462,153.846153846,-150.0,88.6532380224
262,-1384.61538462,256.41025641,-150.0,88.5086951611
263,-1384.61538462,358.974358974,-150.0,88.4259577215
264,-1384.61538462,461.538461538,-150.0,88.542141463
265,-1384.61538462,564.102564103,-150.0,88.8859668193
266,-1384.61538462,666.666666667,-150.0,89.4465651569
267,-1384.61538462,769.230769231,-150.0,90.2210925001
268,-1384.61538462,871.794871795,-150.0,91.2227323625
269,-1384.61538462,974.358974359,-150.0,92.4610745024
270,-1384.61538462,1076.92307692,-150.0,93.8641581901
271,-1384.61538462,1179.48717949,-150.0,94.9708700223
272,-1384.61538462,1282.05128205,-150.0,93.6696309387
273,-1384.61538462,1384.61538462,-150.0,81.8802265654
274,-1384.61538462,1487.17948718,-150.0,45.0159924096
275,-1384.61538462,1589.74358974,-150.0,3.60490153657
276,-1384.61538462,1692.30769231,-150.0,-11.6668133502
277,-1384.61538462,1794.87179487,-150.0,-13.3831346566
278,-1384.61538462,1897.43589744,-150.0,-11.9639216046
279,-1384.61538462,2000.0,-150.0,-10.202276709
280,-1282.05128205,-2000.0,-150.0,-10.1971825226
281,-1282.05128205,-1897.43589744,-150.0,-12.1374509009
282,-1282.05128205,-1794.87179487,-150.0,-13.8302833699
283,-1282.05128205,-1692.30769231,-150.0,-12.4307103569
284,-1282.05128205,-1589.74358974,-150.0,2.59738344559
285,-1282.05128205,-1487.17948718,-150.0,42.7330474705
286,-1282.05128205,-1384.61538462,-150.0,75.6949337395
287,-1282.05128205,-1282.05128205,-150.0,83.0842998641
288,-1282.05128205,-1179.48717949,-150.0,80.8772994945
289,-1282.05128205,-1076.92307692,-150.0,77.8023702447
290,-1282.05128205,-974.358974359,-150.0,76.2926220502
291,-1282.05128205,-871.794871795,-150.0,75.8171140203
292,-1282.05128205,-769.230769231,-150.0,75.3680634493
293,-1282.05128205,-666.666666667,-150.0,74.7158628372
294,-1282.05128205,-564.102564103,-150.0,73.998543913
295,-1282.05128205,-461.538461538,-150.0,73.3518130401
296,-1282.05128205,-358.974358974,-150.0,72.8679683215
297,-1282.05128205,-256.41025641,-150.0,72.6437723217
298,-1282.05128205,-153.846153846,-150.0,72.8100625245
299,-1282.05128205,-51.2820512821,-150.0,73.4219327339
300,-1282.05128205,51.2820512821,-150.0,74.0790629321
301,-1282.05128205,153.846153846,-150.0,74.0016125344
302,-1282.05128205,256.41025641,-150.0,73.2710315878
303,-1282.05128205,358.974358974,-150.0,72.7041750698
304,-1282.05128205,461.538461538,-150.0,72.6396038857
305,-1282.05128205,564.102564103,-150.0,72.9978329296
306,-1282.05128205,666.666666667,-150.0,73.6698814011
307,-1282.05128205,769.230769231,-150.0,74.6184057738
308,-1282.05128205,871.794871795,-150.0,75.8634351114
309,-1282.05128205,974.358974359,-150.0,77.4507223813
310,-1282.05128205,1076.92307692,-150.0,79.3785306727
311,-1282.05128205,1179.48717949,-150.0,81.3049306553
312,-1282.05128205,1282.05128205,-150.0,81.2806481953
313,-1282.05128205,1384.61538462,-150.0,71.2825247362
314,-1282.05128205,1487.17948718,-150.0,36.4226518557
315,-1282.05128205,1589.74358974,-150.0,-2.9056824973
316,-1282.05128205,1692.30769231,-150.0,-16.1513224639
317,-1282.05128205,1794.87179487,-150.0,-16.3628932964
318,-1282.05128205,1897.43589744,-150.0,-13.9809213502
319,-1282.05128205,2000.0,-150.0,-11.6181314218
320,-1179.48717949,-2000.0,-150.0,-11.3738880393
321,-1179.48717949,-1897.43589744,-150.0,-13.7893478511
322,-1179.48717949,-1794.87179487,-150.0,-16.2246322951
323,-1179.48717949,-1692.30769231,-150.0,-15.9794602469
324,-1179.48717949,-1589.74358974,-150.0,-2.63942462692
325,-1179.48717949,-1487.17948718,-150.0,35.3299600278
326,-1179.48717949,-1384.61538462,-150.0,65.8071829377
327,-1179.48717949,-1282.05128205,-150.0,70.0074863961
328,-1179.48717949,-1179.48717949,-150.0,63.265567514
329,-1179.48717949,-1076.92307692,-150.0,57.1385452837
330,-1179.48717949,-974.358974359,-150.0,57.6060165681
331,-1179.48717949,-871.794871795,-150.0,60.264196162
332,-1179.48717949,-769.230769231,-150.0,61.0860982794
333,-1179.48717949,-666.666666667,-150.0,60.5935846667
334,-1179.48717949,-564.102564103,-150.0,59.7222668363
335,-1179.48717949,-461.538461538,-150.0,58.8807887569
336,-1179.48717949,-358.974358974,-150.0,58.2468571737
337,-1179.48717949,-256.41025641,-150.0,58.0224539398
338,-1179.48717949,-153.846153846,-150.0,58.670014501
339,-1179.48717949,-51.2820512821,-150.0,60.9671698507
340,-1179.48717949,51.2820512821,-150.0,64.1679991586
341,-1179.48717949,153.846153846,-150.0,63.8580222096
342,-1179.48717949,256.41025641,-150.0,60.4620459269
343,-1179.48717949,358.974358974,-150.0,58.3336315862
344,-1179.48717949,461.538461538,-150.0,57.8696391018
345,-1179.48717949,564.102564103,-150.0,58.2504656913
346,-1179.48717949,666.666666667,-150.0,59.0655246717
347,-1179.48717949,769.230769231,-150.0,60.2061960246
348,-1179.48717949,871.794871795,-150.0,61.6960141681
349,-1179.48717949,974.358974359,-150.0,63.6143858239
350,-1179.48717949,1076.92307692,-150.0,66.0197095401
351,-1179.48717949,1179.48717949,-150.0,68.6669346235
352,-1179.48717949,1282.05128205,-150.0,69.7457295599
353,-1179.48717949,1384.61538462,-150.0,61.3642583746
354,-1179.48717949,1487.17948718,-150.0,28.583440862
355,-1179.48717949,1589.74358974,-150.0,-8.58671682969
356,-1179.48717949,1692.30769231,-150.0,-20.0532383497
357,-1179.48717949,1794.87179487,-150.0,-19.0198012461
358,-1179.48717949,1897.43589744,-150.0,-15.8270578353
359,-1179.48717949,2000.0,-150.0,-12.9409307232
360,-1076.92307692,-2000.0,-150.0,-12.3974989613
361,-1076.92307692,-1897.43589744,-150.0,-15.1692469781
362,-1076.92307692,-1794.87179487,-150.0,-18.1170926755
363,-1076.92307692,-1692.30769231,-150.0,-18.5914988541
364,-1076.92307692,-1589.74358974,-150.0,-6.19792214217
365,-1076.92307692,-1487.17948718,-150.0,30.6196154713
366,-1076.92307692,-1384.61538462,-150.0,59.4834745441
367,-1076.92307692,-1282.05128205,-150.0,59.414685381
368,-1076.92307692,-1179.48717949,-150.0,39.4085281245
369,-1076.92307692,-1076.92307692,-150.0,20.8833791333
370,-1076.92307692,-974.358974359,-150.0,33.007895188
371,-1076.92307692,-871.794871795,-150.0,48.0444455223
372,-1076.92307692,-769.230769231,-150.0,51.7942038357
373,-1076.92307692,-666.666666667,-150.0,51.4157548628
374,-1076.92307692,-564.102564103,-150.0,50.2407433725
375,-1076.92307692,-461.538461538,-150.0,49.0932371786
376,-1076.92307692,-358.974358974,-150.0,48.2045667832
377,-1076.92307692,-256.41025641,-150.0,47.8762666415
378,-1076.92307692,-153.846153846,-150.0,49.2353738015
379,-1076.92307692,-51.2820512821,-150.0,56.1571778016
380,-1076.92307692,51.2820512821,-150.0,71.2462363307
381,-1076.92307692,153.846153846,-150.0,69.9108176338
382,-1076.92307692,256.41025641,-150.0,54.6746576594
383,-1076.92307692,358.974358974,-150.0,48.5059293334
384,-1076.92307692,461.538461538,-150.0,47.5184985792
385,-1076.92307692,564.102564103,-150.0,48.023916227
386,-1076.92307692,666.666666667,-150.0,49.043861503
387,-1076.92307692,769.230769231,-150.0,50.3980951573
388,-1076.92307692,871.794871795,-150.0,52.1247552998
389,-1076.92307692,974.358974359,-150.0,54.3356334514
390,-1076.92307692,1076.92307692,-150.0,57.1323495312
391,-1076.92307692,1179.48717949,-150.0,60.3260394214
392,-1076.92307692,1282.05128205,-150.0,62.1699024887
393,-1076.92307692,1384.61538462,-150.0,54.8103668409
394,-1076.92307692,1487.17948718,-150.0,23.254908318
395,-1076.92307692,1589.74358974,-150.0,-12.6622567471
396,-1076.92307692,1692.30769231,-150.0,-23.0451371093
397,-1076.92307692,1794.87179487,-150.0,-21.1864909623
398,-1076.92307692,1897.43589744,-150.0,-17.4075449129
399,-1076.92307692,2000.0,-150.0,-14.1147209451
400,-974.358974359,-2000.0,-150.0,-13.2508914454
401,-974.358974359,-1897.43589744,-150.0,-16.2651191253
402,-974.358974359,-1794.87179487,-150.0,-19.5261587823
403,-974.358974359,-1692.30769231,-150.0,-20.38166355
404,-974.358974359,-1589.74358974,-150.0,-8.4003072084
405,-974.358974359,-1487.17948718,-150.0,28.0365122451
406,-974.358974359,-1384.61538462,-150.0,56.3546957324
407,-974.358974359,-1282.05128205,-150.0,52.780323497
408,-974.358974359,-1179.48717949,-150.0,11.8094440156
409,-974.358974359,-1076.92307692,-150.0,-32.153377362
410,-974.358974359,-974.358974359,-150.0,4.97650932768
411,-974.358974359,-871.794871795,-150.0,40.54023196
412,-974.358974359,-769.230769231,-150.0,46.7764250478
413,-974.358974359,-666.666666667,-150.0,45.9461868583
414,-974.358974359,-564.102564103,-150.0,44.2309599237
415,-974.358974359,-461.538461538,-150.0,42.6562473752
416,-974.358974359,-358.974358974,-150.0,41.3870367173
417,-974.358974359,-256.41025641,-150.0,40.7058103605
418,-974.358974359,-153.846153846,-150.0,42.2763302053
419,-974.358974359,-51.2820512821,-150.0,54.7148905576
420,-974.358974359,51.2820512821,-150.0,93.2530717506
421,-974.358974359,153.846153846,-150.0,89.660740683
422,-974.358974359,256.41025641,-150.0,51.763947089
423,-974.358974359,358.974358974,-150.0,41.1230646621
424,-974.358974359,461.538461538,-150.0,40.1346332434
425,-974.358974359,564.102564103,-150.0,40.9860412782
426,-974.358974359,666.666666667,-150.0,42.2870910601
427,-974.358974359,769.230769231,-150.0,43.8721611972
428,-974.358974359,871.794871795,-150.0,45.8207949148
429,-974.358974359,974.358974359,-150.0,48.2793473133
430,-974.358974359,1076.92307692,-150.0,51.3802201172
431,-974.358974359,1179.48717949,-150.0,54.9639538003
432,-974.358974359,1282.05128205,-150.0,57.3074139749
433,-974.358974359,1384.61538462,-150.0,50.5609978369
434,-974.358974359,1487.17948718,-150.0,19.698468671
435,-974.358974359,1589.74358974,-150.0,-15.5176323586
436,-974.358974359,1692.30769231,-150.0,-25.2684881194
437,-974.358974359,1794.87179487,-150.0,-22.8917328873
438,-974.358974359,1897.43589744,-150.0,-18.7137835845
439,-974.358974359,2000.0,-150.0,-15.1232911429
440,-871.794871795,-2000.0,-150.0,-13.9458056591
441,-871.794871795,-1897.43589744,-150.0,-17.1150658579
442,-871.794871795,-1794.87179487,-150.0,-20.5514726548
443,-871.794871795,-1692.30769231,-150.0,-21.5783202722
444,-871.794871795,-1589.74358974,-150.0,-9.70267027617
445,-871.794871795,-1487.17948718,-150.0,26.8180924293
446,-871.794871795,-1384.61538462,-150.0,55.56792939
447,-871.794871795,-1282.05128205,-150.0,52.2787575438
448,-871.794871795,-1179.48717949,-150.0,7.09700585994
449,-871.794871795,-1076.92307692,-150.0,-43.0579567637
450,-871.794871795,-974.358974359,-150.0,0.34303666798
451,-871.794871795,-871.794871795,-150.0,39.5535507371
452,-871.794871795,-769.230769231,-150.0,44.7305982797
453,-871.794871795,-666.666666667,-150.0,42.7945349077
454,-871.794871795,-564.102564103,-150.0,40.3808181969
455,-871.794871795,-461.538461538,-150.0,38.3152545444
456,-871.794871795,-358.974358974,-150.0,36.5900658647
457,-871.794871795,-256.41025641,-150.0,35.3362407848
458,-871.794871795,-153.846153846,-150.0,36.1588125081
459,-871.794871795,-51.2820512821,-150.0,48.8791040637
460,-871.794871795,51.2820512821,-150.0,92.8858251223
461,-871.794871795,153.846153846,-150.0,88.4439787575
462,-871.794871795,256.41025641,-150.0,45.3017997454
463,-871.794871795,358.974358974,-150.0,34.772765338
464,-871.794871795,461.538461538,-150.0,34.5926779014
465,-871.794871795,564.102564103,-150.0,35.9624461962
466,-871.794871795,666.666666667,-150.0,37.5839479421
467,-871.794871795,769.230769231,-150.0,39.398967257
468,-871.794871795,871.794871795,-150.0,41.5472937434
469,-871.794871795,974.358974359,-150.0,44.2100163992
470,-871.794871795,1076.92307692,-150.0,47.5424426277
471,-871.794871795,1179.48717949,-150.0,51.4012321378
472,-871.794871795,1282.05128205,-150.0,54.0719934763
473,-871.794871795,1384.61538462,-150.0,47.7024045495
474,-871.794871795,1487.17948718,-150.0,17.248392421
475,-871.794871795,1589.74358974,-150.0,-17.5577710952
476,-871.794871795,1692.30769231,-150.0,-26.9291321116
477,-871.794871795,1794.87179487,-150.0,-24.2249716909
478,-871.794871795,1897.43589744,-150.0,-19.7789112827
479,-871.794871795,2000.0,-150.0,-15.9758732265
480,-769.230769231,-2000.0,-150.0,-14.5075425566
481,-769.230769231,-1897.43589744,-150.0,-17.7730069094
482,-769.230769231,-1794.87179487,-150.0,-21.3020365528
483,-769.230769231,-1692.30769231,-150.0,-22.390708715
484,-769.230769231,-1589.74358974,-150.0,-10.4883219943
485,-769.230769231,-1487.17948718,-150.0,26.2639013328
486,-769.230769231,-1384.61538462,-150.0,55.6665400572
487,-769.230769231,-1282.05128205,-150.0,53.7346839859
488,-769.230769231,-1179.48717949,-150.0,10.4316237558
489,-769.230769231,-1076.92307692,-150.0,-38.7221594724
490,-769.230769231,-974.358974359,-150.0,3.58317227086
491,-769.230769231,-871.794871795,-150.0,40.5398366443
492,-769.230769231,-769.230769231,-150.0,43.9016753092
493,-769.230769231,-666.666666667,-150.0,40.8794435397
494,-769.230769231,-564.102564103,-150.0,37.8152693858
495,-769.230769231,-461.538461538,-150.0,35.2897635303
496,-769.230769231,-358.974358974,-150.0,33.1305933194
497,-769.230769231,-256.41025641,-150.0,31.3118902617
498,-769.230769231,-153.846153846,-150.0,31.232578033
499,-769.230769231,-51.2820512821,-150.0,42.5721293935
500,-769.230769231,51.2820512821,-150.0,85.2656417232
501,-769.230769231,153.846153846,-150.0,80.7658930267
502,-769.230769231,256.41025641,-150.0,38.9108267056
503,-769.230769231,358.974358974,-150.0,29.7582300581
504,-769.230769231,461.538461538,-150.0,30.4391105904
505,-769.230769231,564.102564103,-150.0,32.2931507377
506,-769.230769231,666.666666667,-150.0,34.2071185653
507,-769.230769231,769.230769231,-150.0,36.2268722958
508,-769.230769231,871.794871795,-150.0,38.5454744795
509,-769.230769231,974.358974359,-150.0,41.3727052892
510,-769.230769231,1076.92307692,-150.0,44.8805244337
511,-769.230769231,1179.48717949,-150.0,48.9351528034
512,-769.230769231,1282.05128205,-150.0,51.8258431284
513,-769.230769231,1384.61538462,-150.0,45.6975938596
514,-769.230769231,1487.17948718,-150.0,15.4972702712
515,-769.230769231,1589.74358974,-150.0,-19.0563748493
516,-769.230769231,1692.30769231,-150.0,-28.1903792978
517,-769.230769231,1794.87179487,-150.0,-25.274429014
518,-769.230769231,1897.43589744,-150.0,-20.6470499152
519,-769.230769231,2000.0,-150.0,-16.6931716197
520,-666.666666667,-2000.0,-150.0,-14.9643636391
521,-666.666666667,-1897.43589744,-150.0,-18.290446032
522,-666.666666667,-1794.87179487,-150.0,-21.8686989083
523,-666.666666667,-1692.30769231,-150.0,-22.9740188457
524,-666.666666667,-1589.74358974,-150.0,-11.0170442484
525,-666.666666667,-1487.17948718,-150.0,25.9273755433
526,-666.666666667,-1384.61538462,-150.0,55.7588149601
527,-666.666666667,-1282.05128205,-150.0,54.5734420041
528,-666.666666667,-1179.48717949,-150.0,12.1702567732
529,-666.666666667,-1076.92307692,-150.0,-36.5795944342
530,-666.666666667,-974.358974359,-150.0,5.12939955429
531,-666.666666667,-871.794871795,-150.0,40.9428580533
532,-666.666666667,-769.230769231,-150.0,43.2840412074
533,-666.666666667,-666.666666667,-150.0,39.5513807527
534,-666.666666667,-564.102564103,-150.0,36.0059008888
535,-666.666666667,-461.538461538,-150.0,33.1150590281
536,-666.666666667,-358.974358974,-150.0,30.6113774675
537,-666.666666667,-256.41025641,-150.0,28.3795083833
538,-666.666666667,-153.846153846,-150.0,27.7293095756
539,-666.666666667,-51.2820512821,-150.0,38.325923886
540,-666.666666667,51.2820512821,-150.0,80.385751817
541,-666.666666667,153.846153846,-150.0,75.8851458391
542,-666.666666667,256.41025641,-150.0,34.6496592298
543,-666.666666667,358.974358974,-150.0,26.2054050052
544,-666.666666667,461.538461538,-150.0,27.4047236901
545,-666.666666667,564.102564103,-150.0,29.5947943703
546,-666.666666667,666.666666667,-150.0,31.7319801729
547,-666.666666667,769.230769231,-150.0,33.9155891201
548,-666.666666667,871.794871795,-150.0,36.3713414291
549,-666.666666667,974.358974359,-150.0,39.328136752
550,-666.666666667,1076.92307692,-150.0,42.9689013696
551,-666.666666667,1179.48717949,-150.0,47.1654662608
552,-666.666666667,1282.05128205,-150.0,50.2085841006
553,-666.666666667,1384.61538462,-150.0,44.2412677863
554,-666.666666667,1487.17948718,-150.0,14.2056279406
555,-666.666666667,1589.74358974,-150.0,-20.1858905339
556,-666.666666667,1692.30769231,-150.0,-29.1665754789
557,-666.666666667,1794.87179487,-150.0,-26.1108669416
558,-666.666666667,1897.43589744,-150.0,-21.3598465837
559,-666.666666667,2000.0,-150.0,-17.2989353101
560,-564.102564103,-2000.0,-150.0,-15.3419078829
561,-564.102564103,-1897.43589744,-150.0,-18.709327129
562,-564.102564103,-1794.87179487,-150.0,-22.3175721868
563,-564.102564103,-1692.30769231,-150.0,-23.4277224263
564,-564.102564103,-1589.74358974,-150.0,-11.4292267272
565,-564.102564103,-1487.17948718,-150.0,25.6311929418
566,-564.102564103,-1384.61538462,-150.0,55.6786024314
567,-564.102564103,-1282.05128205,-150.0,54.7988460412
568,-564.102564103,-1179.48717949,-150.0,12.6864317565
569,-564.102564103,-1076.92307692,-150.0,-35.9851994421
570,-564.102564103,-974.358974359,-150.0,5.47242825251
571,-564.102564103,-871.794871795,-150.0,40.8151845392
572,-564.102564103,-769.230769231,-150.0,42.6638323935
573,-564.102564103,-666.666666667,-150.0,38.5223204082
574,-564.102564103,-564.102564103,-150.0,34.6590471018
575,-564.102564103,-461.538461538,-150.0,31.5080026425
576,-564.102564103,-358.974358974,-150.0,28.7603782107
577,-564.102564103,-256.41025641,-150.0,26.2633589193
578,-564.102564103,-153.846153846,-150.0,25.3060513213
579,-564.102564103,-51.2820512821,-150.0,35.5813937355
580,-564.102564103,51.2820512821,-150.0,77.415192439
581,-564.102564103,153.846153846,-150.0,72.9125955073
582,-564.102564103,256.41025641,-150.0,31.892120495
583,-564.102564103,358.974358974,-150.0,23.7435127963
584,-564.102564103,461.538461538,-150.0,25.2086314963
585,-564.102564103,564.102564103,-150.0,27.6030754557
586,-564.102564103,666.666666667,-150.0,29.893388096
587,-564.102564103,769.230769231,-150.0,32.1980183301
588,-564.102564103,871.794871795,-150.0,34.7588163755
589,-564.102564103,974.358974359,-150.0,37.8156494374
590,-564.102564103,1076.92307692,-150.0,41.5577999948
591,-564.102564103,1179.48717949,-150.0,45.8597742496
592,-564.102564103,1282.05128205,-150.0,49.0122099527
593,-564.102564103,1384.61538462,-150.0,43.1561206898
594,-564.102564103,1487.17948718,-150.0,13.2306852707
595,-564.102564103,1589.74358974,-150.0,-21.0546183205
596,-564.102564103,1692.30769231,-150.0,-29.9354161464
597,-564.102564103,1794.87179487,-150.0,-26.7875658145
598,-564.102564103,1897.43589744,-150.0,-21.9527164397
599,-564.102564103,2000.0,-150.0,-17.8162798272
600,-461.538461538,-2000.0,-150.0,-15.6611278057
601,-461.538461538,-1897.43589744,-150.0,-19.0611350037
602,-461.538461538,-1794.87179487,-150.0,-22.6934820561
603,-461.538461538,-1692.30769231,-150.0,-23.8103863832
604,-461.538461538,-1589.74358974,-150.0,-11.78924414
605,-461.538461538,-1487.17948718,-150.0,25.3359242072
606,-461.538461538,-1384.61538462,-150.0,55.4949826726
607,-461.538461538,-1282.05128205,-150.0,54.7542803093
608,-461.538461538,-1179.48717949,-150.0,12.7510217787
609,-461.538461538,-1076.92307692,-150.0,-35.9178134779
610,-461.538461538,-974.358974359,-150.0,5.39927526737
611,-461.538461538,-871.794871795,-150.0,40.4968139708
612,-461.538461538,-769.230769231,-150.0,42.0719463865
613,-461.538461538,-666.666666667,-150.0,37.6835495803
614,-461.538461538,-564.102564103,-150.0,33.6152080015
615,-461.538461538,-461.538461538,-150.0,30.2901812737
616,-461.538461538,-358.974358974,-150.0,27.3799974724
617,-461.538461538,-256.41025641,-150.0,24.7148078036
618,-461.538461538,-153.846153846,-150.0,23.5801231341
619,-461.538461538,-51.2820512821,-150.0,33.6907834195
620,-461.538461538,51.2820512821,-150.0,75.4203071048
621,-461.538461538,153.846153846,-150.0,70.9164516192
622,-461.538461538,256.41025641,-150.0,29.9932684527
623,-461.538461538,358.974358974,-150.0,21.9918851872
624,-461.538461538,461.538461538,-150.0,23.604683665
625,-461.538461538,564.102564103,-150.0,26.1238033947
626,-461.538461538,666.666666667,-150.0,28.5145200522
627,-461.538461538,769.230769231,-150.0,30.9033669521
628,-461.538461538,871.794871795,-150.0,33.541214633
629,-461.538461538,974.358974359,-150.0,36.6745008297
630,-461.538461538,1076.92307692,-150.0,40.4957579408
631,-461.538461538,1179.48717949,-150.0,44.8795997806
632,-461.538461538,1282.05128205,-150.0,48.1144618237
633,-461.538461538,1384.61538462,-150.0,42.3381815191
634,-461.538461538,1487.17948718,-150.0,12.4872383071
635,-461.538461538,1589.74358974,-150.0,-21.7301106818
636,-461.538461538,1692.30769231,-150.0,-30.5490672638
637,-461.538461538,1794.87179487,-150.0,-27.3440375606
638,-461.538461538,1897.43589744,-150.0,-22.4551351317
639,-461.538461538,2000.0,-150.0,-18.2668617009
640,-358.974358974,-2000.0,-150.0,-15.938139575
641,-358.974358974,-1897.43589744,-150.0,-19.3687503917
642,-358.974358974,-1794.87179487,-150.0,-23.0268381969
643,-358.974358974,-1692.30769231,-150.0,-24.1578930689
644,-358.974358974,-1589.74358974,-150.0,-12.1287666975
645,-358.974358974,-1487.17948718,-150.0,25.0405737703
646,-358.974358974,-1384.61538462,-150.0,55.2915918567
647,-358.974358974,-1282.05128205,-150.0,54.6817624276
648,-358.974358974,-1179.48717949,-150.0,12.7950218533
649,-358.974358974,-1076.92307692,-150.0,-35.8575832991
650,-358.974358974,-974.358974359,-150.0,5.33215265781
651,-358.974358974,-871.794871795,-150.0,40.2089713533
652,-358.974358974,-769.230769231,-150.0,41.5573225344
653,-358.974358974,-666.666666667,-150.0,36.9854596232
654,-358.974358974,-564.102564103,-150.0,32.7799090186
655,-358.974358974,-461.538461538,-150.0,29.3457087715
656,-358.974358974,-358.974358974,-150.0,26.3324307002
657,-358.974358974,-256.41025641,-150.0,23.5512379828
658,-358.974358974,-153.846153846,-150.0,22.2790340589
659,-358.974358974,-51.2820512821,-150.0,32.2477429548
660,-358.974358974,51.2820512821,-150.0,73.8824358245
661,-358.974358974,153.846153846,-150.0,69.3827903662
662,-358.974358974,256.41025641,-150.0,28.5565363929
663,-358.974358974,358.974358974,-150.0,20.6862596676
664,-358.974358974,461.538461538,-150.0,22.414707789
665,-358.974358974,564.102564103,-150.0,25.0199283563
666,-358.974358974,666.666666667,-150.0,27.4745596075
667,-358.974358974,769.230769231,-150.0,29.917249072
668,-358.974358974,871.794871795,-150.0,32.6086957885
669,-358.974358974,974.358974359,-150.0,35.8011791299
670,-358.974358974,1076.92307692,-150.0,39.6887168357
671,-358.974358974,1179.48717949,-150.0,44.1431538368
672,-358.974358974,1282.05128205,-150.0,47.4470727732
673,-358.974358974,1384.61538462,-150.0,41.7318764828
674,-358.974358974,1487.17948718,-150.0,11.9299426116
675,-358.974358974,1589.74358974,-150.0,-22.2504473226
676,-358.974358974,1692.30769231,-150.0,-31.0406352362
677,-358.974358974,1794.87179487,-150.0,-27.8094518993
678,-358.974358974,1897.43589744,-150.0,-22.8923387128
679,-358.974358974,2000.0,-150.0,-18.6716262773
680,-256.41025641,-2000.0,-150.0,-16.1847263498
681,-256.41025641,-1897.43589744,-150.0,-19.6486700665
682,-256.41025641,-1794.87179487,-150.0,-23.3396472821
683,-256.41025641,-1692.30769231,-150.0,-24.4971312275
684,-256.41025641,-1589.74358974,-150.0,-12.4740489226
685,-256.41025641,-1487.17948718,-150.0,24.7388793543
686,-256.41025641,-1384.61538462,-150.0,55.1318385042
687,-256.41025641,-1282.05128205,-150.0,54.8001747486
688,-256.41025641,-1179.48717949,-150.0,13.2477902028
689,-256.41025641,-1076.92307692,-150.0,-35.2720948918
690,-256.41025641,-974.358974359,-150.0,5.68336639448
691,-256.41025641,-871.794871795,-150.0,40.1428426784
692,-256.41025641,-769.230769231,-150.0,41.1506589233
693,-256.41025641,-666.666666667,-150.0,36.3852304185
694,-256.41025641,-564.102564103,-150.0,32.0850467343
695,-256.41025641,-461.538461538,-150.0,28.597671307
696,-256.41025641,-358.974358974,-150.0,25.5300227321
697,-256.41025641,-256.41025641,-150.0,22.6537830095
698,-256.41025641,-153.846153846,-150.0,21.2050410794
699,-256.41025641,-51.2820512821,-150.0,30.9151568931
700,-256.41025641,51.2820512821,-150.0,72.3355090246
701,-256.41025641,153.846153846,-150.0,67.856123488
702,-256.41025641,256.41025641,-150.0,27.2650917751
703,-256.41025641,358.974358974,-150.0,19.6434036876
704,-256.41025641,461.538461538,-150.0,21.5253281426
705,-256.41025641,564.102564103,-150.0,24.2031159121
706,-256.41025641,666.666666667,-150.0,26.6916680702
707,-256.41025641,769.230769231,-150.0,29.15957336
708,-256.41025641,871.794871795,-150.0,31.8842105165
709,-256.41025641,974.358974359,-150.0,35.1259851438
710,-256.41025641,1076.92307692,-150.0,39.0797788554
711,-256.41025641,1179.48717949,-150.0,43.6104383546
712,-256.41025641,1282.05128205,-150.0,46.9871046324
713,-256.41025641,1384.61538462,-150.0,41.3266984328
714,-256.41025641,1487.17948718,-150.0,11.553070078
715,-256.41025641,1589.74358974,-150.0,-22.6238799962
716,-256.41025641,1692.30769231,-150.0,-31.4247991384
717,-256.41025641,1794.87179487,-150.0,-28.2044342579
718,-256.41025641,1897.43589744,-150.0,-23.2875317545
719,-256.41025641,2000.0,-150.0,-19.0526264503
720,-153.846153846,-2000.0,-150.0,-16.4087176013
721,-153.846153846,-1897.43589744,-150.0,-19.9122430463
722,-153.846153846,-1794.87179487,-150.0,-23.648551542
723,-153.846153846,-1692.30769231,-150.0,-24.8528655395
724,-153.846153846,-1589.74358974,-150.0,-12.8605172597
725,-153.846153846,-1487.17948718,-150.0,24.3945608376
726,-153.846153846,-1384.61538462,-150.0,55.0529509524
727,-153.846153846,-1282.05128205,-150.0,55.4740902439
728,-153.846153846,-1179.48717949,-150.0,15.1583200336
729,-153.846153846,-1076.92307692,-150.0,-32.6810591666
730,-153.846153846,-974.358974359,-150.0,7.47190798902
731,-153.846153846,-871.794871795,-150.0,40.6225466018
732,-153.846153846,-769.230769231,-150.0,40.8541264974
733,-153.846153846,-666.666666667,-150.0,35.8174706153
734,-153.846153846,-564.102564103,-150.0,31.468305618
735,-153.846153846,-461.538461538,-150.0,27.9955136348
736,-153.846153846,-358.974358974,-150.0,24.9302759226
737,-153.846153846,-256.41025641,-150.0,21.9654946592
738,-153.846153846,-153.846153846,-150.0,20.1857901118
739,-153.846153846,-51.2820512821,-150.0,29.1541364637
740,-153.846153846,51.2820512821,-150.0,69.7491300934
741,-153.846153846,153.846153846,-150.0,65.3468746784
742,-153.846153846,256.41025641,-150.0,25.6421979382
743,-153.846153846,358.974358974,-150.0,18.7214437145
744,-153.846153846,461.538461538,-150.0,20.8856092823
745,-153.846153846,564.102564103,-150.0,23.6272374816
746,-153.846153846,666.666666667,-150.0,26.1108918387
747,-153.846153846,769.230769231,-150.0,28.5695485381
748,-153.846153846,871.794871795,-150.0,31.3077519557
749,-153.846153846,974.358974359,-150.0,34.5996242043
750,-153.846153846,1076.92307692,-150.0,38.642973799
751,-153.846153846,1179.48717949,-150.0,43.288852165
752,-153.846153846,1282.05128205,-150.0,46.7752278691
753,-153.846153846,1384.61538462,-150.0,41.1836150516
754,-153.846153846,1487.17948718,-150.0,11.4172558019
755,-153.846153846,1589.74358974,-150.0,-22.809035631
756,-153.846153846,1692.30769231,-150.0,-31.6882628054
757,-153.846153846,1794.87179487,-150.0,-28.5399055596
758,-153.846153846,1897.43589744,-150.0,-23.6646234982
759,-153.846153846,2000.0,-150.0,-19.4360527558
760,-51.2820512821,-2000.0,-150.0,-16.6139830365
761,-51.2820512821,-1897.43589744,-150.0,-20.1655220208
762,-51.2820512821,-1794.87179487,-150.0,-23.9642019927
763,-51.2820512821,-1692.30769231,-150.0,-25.246667073
764,-51.2820512821,-1589.74358974,-150.0,-13.3353654596
765,-51.2820512821,-1487.17948718,-150.0,23.9145827884
766,-51.2820512821,-1384.61538462,-150.0,54.9853703719
767,-51.2820512821,-1282.05128205,-150.0,57.368344441
768,-51.2820512821,-1179.48717949,-150.0,22.039726305
769,-51.2820512821,-1076.92307692,-150.0,-22.1026023314
770,-51.2820512821,-974.358974359,-150.0,14.1707640944
771,-51.2820512821,-871.794871795,-150.0,42.2511525869
772,-51.2820512821,-769.230769231,-150.0,40.5591173246
773,-51.2820512821,-666.666666667,-150.0,35.1667035044
774,-51.2820512821,-564.102564103,-150.0,30.8661479398
775,-51.2820512821,-461.538461538,-150.0,27.5089362361
776,-51.2820512821,-358.974358974,-150.0,24.5339776925
777,-51.2820512821,-256.41025641,-150.0,21.5175592512
778,-51.2820512821,-153.846153846,-150.0,19.1163166415
779,-51.2820512821,-51.2820512821,-150.0,25.7367756652
780,-51.2820512821,51.2820512821,-150.0,62.331008508
781,-51.2820512821,153.846153846,-150.0,58.2679394917
782,-51.2820512821,256.41025641,-150.0,22.6674852188
783,-51.2820512821,358.974358974,-150.0,17.869012752
784,-51.2820512821,461.538461538,-150.0,20.5256719916
785,-51.2820512821,564.102564103,-150.0,23.2804844742
786,-51.2820512821,666.666666667,-150.0,25.6913194956
787,-51.2820512821,769.230769231,-150.0,28.0921947914
788,-51.2820512821,871.794871795,-150.0,30.8228928882
789,-51.2820512821,974.358974359,-150.0,34.1848303949
790,-51.2820512821,1076.92307692,-150.0,38.3931341407
791,-51.2820512821,1179.48717949,-150.0,43.2768229261
792,-51.2820512821,1282.05128205,-150.0,46.9960891332
793,-51.2820512821,1384.61538462,-150.0,41.5367396472
794,-51.2820512821,1487.17948718,-150.0,11.7478120426
795,-51.2820512821,1589.74358974,-150.0,-22.6428745696
796,-51.2820512821,1692.30769231,-150.0,-31.7541441343
797,-51.2820512821,1794.87179487,-150.0,-28.8095682745
798,-51.2820512821,1897.43589744,-150.0,-24.0524316865
799,-51.2820512821,2000.0,-150.0,-19.8572461916
800,51.2820512821,-2000.0,-150.0,-16.800254696
801,51.2820512821,-1897.43589744,-150.0,-20.4082682151
802,51.2820512821,-1794.87179487,-150.0,-24.2877715051
803,51.2820512821,-1692.30769231,-150.0,-25.6871884788
804,51.2820512821,-1589.74358974,-150.0,-13.9374283251
805,51.2820512821,-1487.17948718,-150.0,23.1549599711
806,51.2820512821,-1384.61538462,-150.0,54.5225031116
807,51.2820512821,-1282.05128205,-150.0,60.470529974
808,51.2820512821,-1179.48717949,-150.0,41.4127792823
809,51.2820512821,-1076.92307692,-150.0,14.1193580122
810,51.2820512821,-974.358974359,-150.0,33.3656986123
811,51.2820512821,-871.794871795,-150.0,44.9516812641
812,51.2820512821,-769.230769231,-150.0,39.8341289539
813,51.2820512821,-666.666666667,-150.0,34.2792722021
814,51.2820512821,-564.102564103,-150.0,30.2293975815
815,51.2820512821,-461.538461538,-150.0,27.1236135663
816,51.2820512821,-358.974358974,-150.0,24.3673615751
817,51.2820512821,-256.41025641,-150.0,21.4550975195
818,51.2820512821,-153.846153846,-150.0,18.3344604849
819,51.2820512821,-51.2820512821,-150.0,19.4376302417
820,51.2820512821,51.2820512821,-150.0,39.5197603012
821,51.2820512821,153.846153846,-150.0,36.8876715407
822,51.2820512821,256.41025641,-150.0,17.5238052734
823,51.2820512821,358.974358974,-150.0,17.433090177
824,51.2820512821,461.538461538,-150.0,20.5611597279
825,51.2820512821,564.102564103,-150.0,23.1599669387
826,51.2820512821,666.666666667,-150.0,25.3888969957
827,51.2820512821,769.230769231,-150.0,27.6644400016
828,51.2820512821,871.794871795,-150.0,30.3611722577
829,51.2820512821,974.358974359,-150.0,33.8483476505
830,51.2820512821,1076.92307692,-150.0,38.4277277646
831,51.2820512821,1179.48717949,-150.0,43.9195223296
832,51.2820512821,1282.05128205,-150.0,48.263312341
833,51.2820512821,1384.61538462,-150.0,43.1481144617
834,51.2820512821,1487.17948718,-150.0,13.2771393801
835,51.2820512821,1589.74358974,-150.0,-21.5898639659
836,51.2820512821,1692.30769231,-150.0,-31.3639923794
837,51.2820512821,1794.87179487,-150.0,-28.9675616419
838,51.2820512821,1897.43589744,-150.0,-24.4938261828
839,51.2820512821,2000.0,-150.0,-20.3691011128
840,153.846153846,-2000.0,-150.0,-16.9632862322
841,153.846153846,-1897.43589744,-150.0,-20.6334739592
842,153.846153846,-1794.87179487,-150.0,-24.6078284548
843,153.846153846,-1692.30769231,-150.0,-26.1575019377
844,153.846153846,-1589.74358974,-150.0,-14.6523467995
845,153.846153846,-1487.17948718,-150.0,22.0559377308
846,153.846153846,-1384.61538462,-150.0,53.0572737838
847,153.846153846,-1282.05128205,-150.0,60.9928306162
848,153.846153846,-1179.48717949,-150.0,59.3617015173
849,153.846153846,-1076.92307692,-150.0,54.2298453003
850,153.846153846,-974.358974359,-150.0,50.968092949
851,153.846153846,-871.794871795,-150.0,44.9415589726
852,153.846153846,-769.230769231,-150.0,38.1122345477
853,153.846153846,-666.666666667,-150.0,33.1059234082
854,153.846153846,-564.102564103,-150.0,29.562095535
855,153.846153846,-461.538461538,-150.0,26.8345002859
856,153.846153846,-358.974358974,-150.0,24.427806098
857,153.846153846,-256.41025641,-150.0,21.8959271075
858,153.846153846,-153.846153846,-150.0,18.8092447709
859,153.846153846,-51.2820512821,-150.0,15.5486394154
860,153.846153846,51.2820512821,-150.0,15.0175928468
861,153.846153846,153.846153846,-150.0,14.4687813736
862,153.846153846,256.41025641,-150.0,14.9097726215
863,153.846153846,358.974358974,-150.0,18.1862363222
864,153.846153846,461.538461538,-150.0,21.0466206851
865,153.846153846,564.102564103,-150.0,23.2201036866
866,153.846153846,666.666666667,-150.0,25.1405615862
867,153.846153846,769.230769231,-150.0,27.2045743047
868,153.846153846,871.794871795,-150.0,29.8201738894
869,153.846153846,974.358974359,-150.0,33.5375346748
870,153.846153846,1076.92307692,-150.0,39.0379239263
871,153.846153846,1179.48717949,-150.0,46.3629479149
872,153.846153846,1282.05128205,-150.0,52.7058495092
873,153.846153846,1384.61538462,-150.0,48.6367637258
874,153.846153846,1487.17948718,-150.0,18.5373353079
875,153.846153846,1589.74358974,-150.0,-17.781820239
876,153.846153846,1692.30769231,-150.0,-29.6729813376
877,153.846153846,1794.87179487,-150.0,-28.8810072701
878,153.846153846,1897.43589744,-150.0,-25.0721679957
879,153.846153846,2000.0,-150.0,-21.0544965057
880,256.41025641,-2000.0,-150.0,-17.0957595013
881,256.41025641,-1897.43589744,-150.0,-20.8287594489
882,256.41025641,-1794.87179487,-150.0,-24.9020125186
883,256.41025641,-1692.30769231,-150.0,-26.6143240872
884,256.41025641,-1589.74358974,-150.0,-15.3906552872
885,256.41025641,-1487.17948718,-150.0,20.8066590378
886,256.41025641,-1384.61538462,-150.0,50.8824489395
887,256.41025641,-1282.05128205,-150.0,57.550518793
888,256.41025641,-1179.48717949,-150.0,56.3777472429
889,256.41025641,-1076.92307692,-150.0,53.0593657879
890,256.41025641,-974.358974359,-150.0,47.4891117176
891,256.41025641,-871.794871795,-150.0,41.1080148838
892,256.41025641,-769.230769231,-150.0,35.7836666672
893,256.41025641,-666.666666667,-150.0,31.8522318125
894,256.41025641,-564.102564103,-150.0,28.9366634593
895,256.41025641,-461.538461538,-150.0,26.6384425106
896,256.41025641,-358.974358974,-150.0,24.6409176686
897,256.41025641,-256.41025641,-150.0,22.6619616736
898,256.41025641,-153.846153846,-150.0,20.426713378
899,256.41025641,-51.2820512821,-150.0,17.8473426645
900,256.41025641,51.2820512821,-150.0,15.6978310238
901,256.41025641,153.846153846,-150.0,15.5917052523
902,256.41025641,256.41025641,-150.0,17.5285785272
903,256.41025641,358.974358974,-150.0,19.8508119924
904,256.41025641,461.538461538,-150.0,21.7639985559
905,256.41025641,564.102564103,-150.0,23.3490570142
906,256.41025641,666.666666667,-150.0,24.8689649557
907,256.41025641,769.230769231,-150.0,26.6172956832
908,256.41025641,871.794871795,-150.0,29.0383883912
909,256.41025641,974.358974359,-150.0,33.0801833234
910,256.41025641,1076.92307692,-150.0,40.8382780313
911,256.41025641,1179.48717949,-150.0,54.4556660492
912,256.41025641,1282.05128205,-150.0,68.2315931719
913,256.41025641,1384.61538462,-150.0,67.441523394
914,256.41025641,1487.17948718,-150.0,36.7586859531
915,256.41025641,1589.74358974,-150.0,-4.20923710157
916,256.41025641,1692.30769231,-150.0,-23.9700482843
917,256.41025641,1794.87179487,-150.0,-28.3469699166
918,256.41025641,1897.43589744,-150.0,-25.9872406767
919,256.41025641,2000.0,-150.0,-22.0334779156
920,358.974358974,-2000.0,-150.0,-17.1888306244
921,358.974358974,-1897.43589744,-150.0,-20.9796313336
922,358.974358974,-1794.87179487,-150.0,-25.1444354966
923,358.974358974,-1692.30769231,-150.0,-27.0063793008
924,358.974358974,-1589.74358974,-150.0,-16.0375774356
925,358.974358974,-1487.17948718,-150.0,19.7061484136
926,358.974358974,-1384.61538462,-150.0,48.9546108142
927,358.974358974,-1282.05128205,-150.0,54.1933254336
928,358.974358974,-1179.48717949,-150.0,51.1364035185
929,358.974358974,-1076.92307692,-150.0,46.7492840276
930,358.974358974,-974.358974359,-150.0,42.096502091
931,358.974358974,-871.794871795,-150.0,37.6287709497
932,358.974358974,-769.230769231,-150.0,33.82773988
933,358.974358974,-666.666666667,-150.0,30.8112640816
934,358.974358974,-564.102564103,-150.0,28.4427585894
935,358.974358974,-461.538461538,-150.0,26.5316885303
936,358.974358974,-358.974358974,-150.0,24.9057597381
937,358.974358974,-256.41025641,-150.0,23.420874279
938,358.974358974,-153.846153846,-150.0,21.9785261391
939,358.974358974,-51.2820512821,-150.0,20.6130231707
940,358.974358974,51.2820512821,-150.0,19.6446086403
941,358.974358974,153.846153846,-150.0,19.5341539989
942,358.974358974,256.41025641,-150.0,20.2565076204
943,358.974358974,358.974358974,-150.0,21.3210103713
944,358.974358974,461.538461538,-150.0,22.3961260504
945,358.974358974,564.102564103,-150.0,23.4327719991
946,358.974358974,666.666666667,-150.0,24.517447048
947,358.974358974,769.230769231,-150.0,25.8316008629
948,358.974358974,871.794871795,-150.0,27.8162753561
949,358.974358974,974.358974359,-150.0,31.9335516385
950,358.974358974,1076.92307692,-150.0,43.7037376698
951,358.974358974,1179.48717949,-150.0,76.2947613709
952,358.974358974,1282.05128205,-150.0,115.09649072
953,358.974358974,1384.61538462,-150.0,122.106941221
954,358.974358974,1487.17948718,-150.0,90.341113195
955,358.974358974,1589.74358974,-150.0,37.3327283997
956,358.974358974,1692.30769231,-150.0,-9.39417087474
957,358.974358974,1794.87179487,-150.0,-27.9334838603
958,358.974358974,1897.43589744,-150.0,-27.661431414
959,358.974358974,2000.0,-150.0,-23.4213836071
960,461.538461538,-2000.0,-150.0,-17.2336725128
961,461.538461538,-1897.43589744,-150.0,-21.0729296301
962,461.538461538,-1794.87179487,-150.0,-25.3139975512
963,461.538461538,-1692.30769231,-150.0,-27.2966037794
964,461.538461538,-1589.74358974,-150.0,-16.5211954936
965,461.538461538,-1487.17948718,-150.0,18.9095092002
966,461.538461538,-1384.61538462,-150.0,47.6602065464
967,461.538461538,-1282.05128205,-150.0,52.1801732197
968,461.538461538,-1179.48717949,-150.0,48.3392294203
969,461.538461538,-1076.92307692,-150.0,43.5739592826
970,461.538461538,-974.358974359,-150.0,39.2864803671
971,461.538461538,-871.794871795,-150.0,35.6204592207
972,461.538461538,-769.230769231,-150.0,32.578731225
973,461.538461538,-666.666666667,-150.0,30.1126986906
974,461.538461538,-564.102564103,-150.0,28.1265455277
975,461.538461538,-461.538461538,-150.0,26.5107651308
976,461.538461538,-358.974358974,-150.0,25.1668089498
977,461.538461538,-256.41025641,-150.0,24.0194736498
978,461.538461538,-153.846153846,-150.0,23.0312922283
979,461.538461538,-51.2820512821,-150.0,22.2274278416
980,461.538461538,51.2820512821,-150.0,21.7063447996
981,461.538461538,153.846153846,-150.0,21.5694932785
982,461.538461538,256.41025641,-150.0,21.7980639798
983,461.538461538,358.974358974,-150.0,22.2578557904
984,461.538461538,461.538461538,-150.0,22.8218082803
985,461.538461538,564.102564103,-150.0,23.431579739
986,461.538461538,666.666666667,-150.0,24.0885625586
987,461.538461538,769.230769231,-150.0,24.8668612542
988,461.538461538,871.794871795,-150.0,26.09403267
989,461.538461538,974.358974359,-150.0,29.3647365911
990,461.538461538,1076.92307692,-150.0,43.036623817
991,461.538461538,1179.48717949,-150.0,95.3732200431
992,461.538461538,1282.05128205,-150.0,162.709990358
993,461.538461538,1384.61538462,-150.0,175.8313702
994,461.538461538,1487.17948718,-150.0,143.250920956
995,461.538461538,1589.74358974,-150.0,79.2618158285
996,461.538461538,1692.30769231,-150.0,1.13879851835
997,461.538461538,1794.87179487,-150.0,-30.5702315399
998,461.538461538,1897.43589744,-150.0,-30.4425628151
999,461.538461538,2000.0,-150.0,-25.1832622933
1000,564.102564103,-2000.0,-150.0,-17.2223124016
1001,564.102564103,-1897.43589744,-150.0,-21.0986272779
1002,564.102564103,-1794.87179487,-150.0,-25.3982501174
1003,564.102564103,-1692.30769231,-150.0,-27.4701810133
1004,564.102564103,-1589.74358974,-150.0,-16.827528789
1005,564.102564103,-1487.17948718,-150.0,18.4117540624
1006,564.102564103,-1384.61538462,-150.0,46.9020631187
1007,564.102564103,-1282.05128205,-150.0,51.1107404029
1008,564.102564103,-1179.48717949,-150.0,46.9898275161
1009,564.102564103,-1076.92307692,-150.0,42.1125230749
1010,564.102564103,-974.358974359,-150.0,37.9574770788
1011,564.102564103,-871.794871795,-150.0,34.5959036215
1012,564.102564103,-769.230769231,-150.0,31.8955654408
1013,564.102564103,-666.666666667,-150.0,29.7274891506
1014,564.102564103,-564.102564103,-150.0,27.9828025903
1015,564.102564103,-461.538461538,-150.0,26.5708772007
1016,564.102564103,-358.974358974,-150.0,25.4198134526
1017,564.102564103,-256.41025641,-150.0,24.4784420352
1018,564.102564103,-153.846153846,-150.0,23.7196880436
1019,564.102564103,-51.2820512821,-150.0,23.1430991094
1020,564.102564103,51.2820512821,-150.0,22.7678335323
1021,564.102564103,153.846153846,-150.0,22.6080210471
1022,564.102564103,256.41025641,-150.0,22.6450605784
1023,564.102564103,358.974358974,-150.0,22.8268066285
1024,564.102564103,461.538461538,-150.0,23.0908212532
1025,564.102564103,564.102564103,-150.0,23.3807429596
1026,564.102564103,666.666666667,-150.0,23.6469027745
1027,564.102564103,769.230769231,-150.0,23.8595496684
1028,564.102564103,871.794871795,-150.0,24.1559950359
1029,564.102564103,974.358974359,-150.0,25.8181232429
1030,564.102564103,1076.92307692,-150.0,37.1525797333
1031,564.102564103,1179.48717949,-150.0,88.5390614582
1032,564.102564103,1282.05128205,-150.0,155.962616592
1033,564.102564103,1384.61538462,-150.0,167.568181203
1034,564.102564103,1487.17948718,-150.0,135.009268508
1035,564.102564103,1589.74358974,-150.0,71.9706511472
1036,564.102564103,1692.30769231,-150.0,-6.59936183318
1037,564.102564103,1794.87179487,-150.0,-36.3672127562
1038,564.102564103,1897.43589744,-150.0,-33.764070974
1039,564.102564103,2000.0,-150.0,-27.0227874882
1040,666.666666667,-2000.0,-150.0,-17.1474802598
1041,666.666666667,-1897.43589744,-150.0,-21.0494835623
1042,666.666666667,-1794.87179487,-150.0,-25.3921830611
1043,666.666666667,-1692.30769231,-150.0,-27.5292396027
1044,666.666666667,-1589.74358974,-150.0,-16.9774913872
1045,666.666666667,-1487.17948718,-150.0,18.144230191
1046,666.666666667,-1384.61538462,-150.0,46.4961980214
1047,666.666666667,-1282.05128205,-150.0,50.5646650404
1048,666.666666667,-1179.48717949,-150.0,46.3372427276
1049,666.666666667,-1076.92307692,-150.0,41.4280555857
1050,666.666666667,-974.358974359,-150.0,37.3342187126
1051,666.666666667,-871.794871795,-150.0,34.1068552058
1052,666.666666667,-769.230769231,-150.0,31.5728526871
1053,666.666666667,-666.666666667,-150.0,29.5702488884
1054,666.666666667,-564.102564103,-150.0,27.976146755
1055,666.666666667,-461.538461538,-150.0,26.7000460565
1056,666.666666667,-358.974358974,-150.0,25.6761085605
1057,666.666666667,-256.41025641,-150.0,24.8584077625
1058,666.666666667,-153.846153846,-150.0,24.2180251917
1059,666.666666667,-51.2820512821,-150.0,23.7397820112
1060,666.666666667,51.2820512821,-150.0,23.4160475184
1061,666.666666667,153.846153846,-150.0,23.2371279696
1062,666.666666667,256.41025641,-150.0,23.1823219536
1063,666.666666667,358.974358974,-150.0,23.2166317827
1064,666.666666667,461.538461538,-150.0,23.2915130325
1065,666.666666667,564.102564103,-150.0,23.3424284322
1066,666.666666667,666.666666667,-150.0,23.2797402055
1067,666.666666667,769.230769231,-150.0,22.9877796287
1068,666.666666667,871.794871795,-150.0,22.4386817611
1069,666.666666667,974.358974359,-150.0,22.6143225189
1070,666.666666667,1076.92307692,-150.0,31.3945183365
1071,666.666666667,1179.48717949,-150.0,79.0623944889
1072,666.666666667,1282.05128205,-150.0,142.724047054
1073,666.666666667,1384.61538462,-150.0,152.210315931
1074,666.666666667,1487.17948718,-150.0,119.884612812
1075,666.666666667,1589.74358974,-150.0,59.3648325338
1076,666.666666667,1692.30769231,-150.0,-15.2961646847
1077,666.666666667,1794.87179487,-150.0,-41.4915087917
1078,666.666666667,1897.43589744,-150.0,-36.5760337097
1079,666.666666667,2000.0,-150.0,-28.5544607424
1080,769.230769231,-2000.0,-150.0,-17.001625974
1081,769.230769231,-1897.43589744,-150.0,-20.9192489338
1082,769.230769231,-1794.87179487,-150.0,-25.2947703108
1083,769.230769231,-1692.30769231,-150.0,-27.4849921731
1084,769.230769231,-1589.74358974,-150.0,-17.0063811039
1085,769.230769231,-1487.17948718,-150.0,18.0278511664
1086,769.230769231,-1384.61538462,-150.0,46.2892222602
1087,769.230769231,-1282.05128205,-150.0,50.2795876786
1088,769.230769231,-1179.48717949,-150.0,46.0035177948
1089,769.230769231,-1076.92307692,-150.0,41.0881710853
1090,769.230769231,-974.358974359,-150.0,37.0336497951
1091,769.230769231,-871.794871795,-150.0,33.8821110847
1092,769.230769231,-769.230769231,-150.0,31.4446840973
1093,769.230769231,-666.666666667,-150.0,29.5447161404
1094,769.230769231,-564.102564103,-150.0,28.0502008009
1095,769.230769231,-461.538461538,-150.0,26.8670246655
1096,769.230769231,-358.974358974,-150.0,25.9287381172
1097,769.230769231,-256.41025641,-150.0,25.1888346345
1098,769.230769231,-153.846153846,-150.0,24.6152482088
1099,769.230769231,-51.2820512821,-150.0,24.1857303921
1100,769.230769231,51.2820512821,-150.0,23.8830149176
1101,769.230769231,153.846153846,-150.0,23.6895417595
1102,769.230769231,256.41025641,-150.0,23.5823559611
1103,769.230769231,358.974358974,-150.0,23.5284127665
1104,769.230769231,461.538461538,-150.0,23.4786378726
1105,769.230769231,564.102564103,-150.0,23.3573220861
1106,769.230769231,666.666666667,-150.0,23.0445666165
1107,769.230769231,769.230769231,-150.0,22.3637236122
1108,769.230769231,871.794871795,-150.0,21.1788845108
1109,769.230769231,974.358974359,-150.0,20.3097752722
1110,769.230769231,1076.92307692,-150.0,27.4839154435
1111,769.230769231,1179.48717949,-150.0,73.0783587786
1112,769.230769231,1282.05128205,-150.0,134.785012859
1113,769.230769231,1384.61538462,-150.0,143.202600927
1114,769.230769231,1487.17948718,-150.0,111.089103462
1115,769.230769231,1589.74358974,-150.0,51.9945461159
1116,769.230769231,1692.30769231,-150.0,-20.5541732118
1117,769.230769231,1794.87179487,-150.0,-44.744867602
1118,769.230769231,1897.43589744,-150.0,-38.407276298
1119,769.230769231,2000.0,-150.0,-29.5390798546
1120,871.794871795,-2000.0,-150.0,-16.7753993668
1121,871.794871795,-1897.43589744,-150.0,-20.7002167279
1122,871.794871795,-1794.87179487,-150.0,-25.1057609957
1123,871.794871795,-1692.30769231,-150.0,-27.3542790186
1124,871.794871795,-1589.74358974,-150.0,-16.9607971181
1125,871.794871795,-1487.17948718,-150.0,17.9731297138
1126,871.794871795,-1384.61538462,-150.0,46.1385397892
1127,871.794871795,-1282.05128205,-150.0,50.0567465332
1128,871.794871795,-1179.48717949,-150.0,45.7442799215
1129,871.794871795,-1076.92307692,-150.0,40.8306297298
1130,871.794871795,-974.358974359,-150.0,36.8107121772
1131,871.794871795,-871.794871795,-150.0,33.7173415283
1132,871.794871795,-769.230769231,-150.0,31.3513490229
1133,871.794871795,-666.666666667,-150.0,29.5273012467
1134,871.794871795,-564.102564103,-150.0,28.1071343818
1135,871.794871795,-461.538461538,-150.0,26.9932624997
1136,871.794871795,-358.974358974,-150.0,26.1173470803
1137,871.794871795,-256.41025641,-150.0,25.4313258051
1138,871.794871795,-153.846153846,-150.0,24.9009046358
1139,871.794871795,-51.2820512821,-150.0,24.5005914607
1140,871.794871795,51.2820512821,-150.0,24.2094393877
1141,871.794871795,153.846153846,-150.0,24.0069693645
1142,871.794871795,256.41025641,-150.0,23.8688322266
1143,871.794871795,358.974358974,-150.0,23.7613456566
1144,871.794871795,461.538461538,-150.0,23.6330387631
1145,871.794871795,564.102564103,-150.0,23.4000891307
1146,871.794871795,666.666666667,-150.0,22.922748424
1147,871.794871795,769.230769231,-150.0,21.982264752
1148,871.794871795,871.794871795,-150.0,20.3609126096
1149,871.794871795,974.358974359,-150.0,18.7421837776
1150,871.794871795,1076.92307692,-150.0,24.7101476179
1151,871.794871795,1179.48717949,-150.0,68.7067875221
1152,871.794871795,1282.05128205,-150.0,128.920712801
1153,871.794871795,1384.61538462,-150.0,136.588809045
1154,871.794871795,1487.17948718,-150.0,104.767246664
1155,871.794871795,1589.74358974,-150.0,46.9150684153
1156,871.794871795,1692.30769231,-150.0,-23.9101139634
1157,871.794871795,1794.87179487,-150.0,-46.5692340962
1158,871.794871795,1897.43589744,-150.0,-39.249727927
1159,871.794871795,2000.0,-150.0,-29.8811634553
1160,974.358974359,-2000.0,-150.0,-16.4557802283
1161,974.358974359,-1897.43589744,-150.0,-20.3802440614
1162,974.358974359,-1794.87179487,-150.0,-24.8232439393
1163,974.358974359,-1692.30769231,-150.0,-27.162686826
1164,974.358974359,-1589.74358974,-150.0,-16.9159381125
1165,974.358974359,-1487.17948718,-150.0,17.8387318722
1166,974.358974359,-1384.61538462,-150.0,45.8361979521
1167,974.358974359,-1282.05128205,-150.0,49.6368249077
1168,974.358974359,-1179.48717949,-150.0,45.2709592497
1169,974.358974359,-1076.92307692,-150.0,40.359038514
1170,974.358974359,-974.358974359,-150.0,36.37805894
1171,974.358974359,-871.794871795,-150.0,33.3441934644
1172,974.358974359,-769.230769231,-150.0,31.0462091608
1173,974.358974359,-666.666666667,-150.0,29.2909430125
1174,974.358974359,-564.102564103,-150.0,27.9357888225
1175,974.358974359,-461.538461538,-150.0,26.8806776263
1176,974.358974359,-358.974358974,-150.0,26.0559036769
1177,974.358974359,-256.41025641,-150.0,25.41242459
1178,974.358974359,-153.846153846,-150.0,24.9148992585
1179,974.358974359,-51.2820512821,-150.0,24.5366105549
1180,974.358974359,51.2820512821,-150.0,24.2554327121
1181,974.358974359,153.846153846,-150.0,24.0501396281
1182,974.358974359,256.41025641,-150.0,23.8963021299
1183,974.358974359,358.974358974,-150.0,23.7606301335
1184,974.358974359,461.538461538,-150.0,23.5917384451
1185,974.358974359,564.102564103,-150.0,23.3038608991
1186,974.358974359,666.666666667,-150.0,22.7488861469
1187,974.358974359,769.230769231,-150.0,21.6800072866
1188,974.358974359,871.794871795,-150.0,19.7910313537
1189,974.358974359,974.358974359,-150.0,17.5108449156
1190,974.358974359,1076.92307692,-150.0,21.8745116508
1191,974.358974359,1179.48717949,-150.0,62.9378847341
1192,974.358974359,1282.05128205,-150.0,120.083562303
1193,974.358974359,1384.61538462,-150.0,126.349301055
1194,974.358974359,1487.17948718,-150.0,95.1436230588
1195,974.358974359,1589.74358974,-150.0,39.7991313584
1196,974.358974359,1692.30769231,-150.0,-27.4793538193
1197,974.358974359,1794.87179487,-150.0,-47.5074043653
1198,974.358974359,1897.43589744,-150.0,-39.0960637196
1199,974.358974359,2000.0,-150.0,-29.4972152345
1200,1076.92307692,-2000.0,-150.0,-16.0240134415
1201,1076.92307692,-1897.43589744,-150.0,-19.9385062896
1202,1076.92307692,-1794.87179487,-150.0,-24.4402652539
1203,1076.92307692,-1692.30769231,-150.0,-26.9551856659
1204,1076.92307692,-1589.74358974,-150.0,-17.0262977303
1205,1076.92307692,-1487.17948718,-150.0,17.3166456283
1206,1076.92307692,-1384.61538462,-150.0,44.9298800736
1207,1076.92307692,-1282.05128205,-150.0,48.476756559
1208,1076.92307692,-1179.48717949,-150.0,44.0041151596
1209,1076.92307692,-1076.92307692,-150.0,39.0898429594
1210,1076.92307692,-974.358974359,-150.0,35.1616813793
1211,1076.92307692,-871.794871795,-150.0,32.2023163106
1212,1076.92307692,-769.230769231,-150.0,29.9825621574
1213,1076.92307692,-666.666666667,-150.0,28.3009416867
1214,1076.92307692,-564.102564103,-150.0,27.0114872818
1215,1076.92307692,-461.538461538,-150.0,26.0130417327
1216,1076.92307692,-358.974358974,-150.0,25.2357225994
1217,1076.92307692,-256.41025641,-150.0,24.6305693275
1218,1076.92307692,-153.846153846,-150.0,24.1623167232
1219,1076.92307692,-51.2820512821,-150.0,23.8043023948
1220,1076.92307692,51.2820512821,-150.0,23.5345927828
1221,1076.92307692,153.846153846,-150.0,23.3325549027
1222,1076.92307692,256.41025641,-150.0,23.1750669243
1223,1076.92307692,358.974358974,-150.0,23.0312244775
1224,1076.92307692,461.538461538,-150.0,22.8535645518
1225,1076.92307692,564.102564103,-150.0,22.5621397652
1226,1076.92307692,666.666666667,-150.0,22.0150720248
1227,1076.92307692,769.230769231,-150.0,20.9596740732
1228,1076.92307692,871.794871795,-150.0,19.0048476268
1229,1076.92307692,974.358974359,-150.0,16.1078825497
1230,1076.92307692,1076.92307692,-150.0,17.3871704473
1231,1076.92307692,1179.48717949,-150.0,49.3186826285
1232,1076.92307692,1282.05128205,-150.0,95.6240320885
1233,1076.92307692,1384.61538462,-150.0,97.8784985916
1234,1076.92307692,1487.17948718,-150.0,68.1293739062
1235,1076.92307692,1589.74358974,-150.0,19.9784817892
1236,1076.92307692,1692.30769231,-150.0,-35.0936034149
1237,1076.92307692,1794.87179487,-150.0,-47.6632770845
1238,1076.92307692,1897.43589744,-150.0,-37.5787638592
1239,1076.92307692,2000.0,-150.0,-28.1930772223
1240,1179.48717949,-2000.0,-150.0,-15.4540501753
1241,1179.48717949,-1897.43589744,-150.0,-19.3387795893
1242,1179.48717949,-1794.87179487,-150.0,-23.934687711
1243,1179.48717949,-1692.30769231,-150.0,-26.8114948522
1244,1179.48717949,-1589.74358974,-150.0,-17.6505450059
1245,1179.48717949,-1487.17948718,-150.0,15.6068018706
1246,1179.48717949,-1384.61538462,-150.0,42.2156259573
1247,1179.48717949,-1282.05128205,-150.0,45.1603172087
1248,1179.48717949,-1179.48717949,-150.0,40.4685195901
1249,1179.48717949,-1076.92307692,-150.0,35.5509700933
1250,1179.48717949,-974.358974359,-150.0,31.7057355125
1251,1179.48717949,-871.794871795,-150.0,28.8505149302
1252,1179.48717949,-769.230769231,-150.0,26.7302930065
1253,1179.48717949,-666.666666667,-150.0,25.1354792738
1254,1179.48717949,-564.102564103,-150.0,23.9188421551
1255,1179.48717949,-461.538461538,-150.0,22.9802011208
1256,1179.48717949,-358.974358974,-150.0,22.2511300513
1257,1179.48717949,-256.41025641,-150.0,21.684017621
1258,1179.48717949,-153.846153846,-150.0,21.2447287492
1259,1179.48717949,-51.2820512821,-150.0,20.907609025
1260,1179.48717949,51.2820512821,-150.0,20.6518278612
1261,1179.48717949,153.846153846,-150.0,20.4582792168
1262,1179.48717949,256.41025641,-150.0,20.3062940865
1263,1179.48717949,358.974358974,-150.0,20.1691870577
1264,1179.48717949,461.538461538,-150.0,20.0069832574
1265,1179.48717949,564.102564103,-150.0,19.753132108
1266,1179.48717949,666.666666667,-150.0,19.2888260795
1267,1179.48717949,769.230769231,-150.0,18.3936246202
1268,1179.48717949,871.794871795,-150.0,16.6688064997
1269,1179.48717949,974.358974359,-150.0,13.6089800844
1270,1179.48717949,1076.92307692,-150.0,10.6194690358
1271,1179.48717949,1179.48717949,-150.0,19.7965493023
1272,1179.48717949,1282.05128205,-150.0,35.6078906516
1273,1179.48717949,1384.61538462,-150.0,30.4141270258
1274,1179.48717949,1487.17948718,-150.0,3.73442670886
1275,1179.48717949,1589.74358974,-150.0,-28.646625168
1276,1179.48717949,1692.30769231,-150.0,-48.9766216933
1277,1179.48717949,1794.87179487,-150.0,-44.8751941656
1278,1179.48717949,1897.43589744,-150.0,-33.4959209922
1279,1179.48717949,2000.0,-150.0,-25.5392670673
1280,1282.05128205,-2000.0,-150.0,-14.7140321463
1281,1282.05128205,-1897.43589744,-150.0,-18.5211732264
1282,1282.05128205,-1794.87179487,-150.0,-23.2384848539
1283,1282.05128205,-1692.30769231,-150.0,-26.829973148
1284,1282.05128205,-1589.74358974,-150.0,-19.6060495254
1285,1282.05128205,-1487.17948718,-150.0,10.4911272064
1286,1282.05128205,-1384.61538462,-150.0,34.2339002613
1287,1282.05128205,-1282.05128205,-150.0,35.730413759
1288,1282.05128205,-1179.48717949,-150.0,30.6348279233
1289,1282.05128205,-1076.92307692,-150.0,25.7419162946
1290,1282.05128205,-974.358974359,-150.0,22.039068404
1291,1282.05128205,-871.794871795,-150.0,19.3350639458
1292,1282.05128205,-769.230769231,-150.0,17.3452461486
1293,1282.05128205,-666.666666667,-150.0,15.8560122179
1294,1282.05128205,-564.102564103,-150.0,14.7230548391
1295,1282.05128205,-461.538461538,-150.0,13.8501973388
1296,1282.05128205,-358.974358974,-150.0,13.1725047125
1297,1282.05128205,-256.41025641,-150.0,12.6450946878
1298,1282.05128205,-153.846153846,-150.0,12.2359470958
1299,1282.05128205,-51.2820512821,-150.0,11.9211701073
1300,1282.05128205,51.2820512821,-150.0,11.6816620521
1301,1282.05128205,153.846153846,-150.0,11.500426557
1302,1282.05128205,256.41025641,-150.0,11.3599169182
1303,1282.05128205,358.974358974,-150.0,11.2386922424
1304,1282.05128205,461.538461538,-150.0,11.1062739267
1305,1282.05128205,564.102564103,-150.0,10.9141404379
1306,1282.05128205,666.666666667,-150.0,10.5787308729
1307,1282.05128205,769.230769231,-150.0,9.94835737425
1308,1282.05128205,871.794871795,-150.0,8.74228250876
1309,1282.05128205,974.358974359,-150.0,6.48139758589
1310,1282.05128205,1076.92307692,-150.0,2.72463209876
1311,1282.05128205,1179.48717949,-150.0,-1.4992381713
1312,1282.05128205,1282.05128205,-150.0,-4.71312383495
1313,1282.05128205,1384.61538462,-150.0,-10.5566699856
1314,1282.05128205,1487.17948718,-150.0,-30.8220875084
1315,1282.05128205,1589.74358974,-150.0,-49.7744767344
1316,1282.05128205,1692.30769231,-150.0,-44.8296088911
1317,1282.05128205,1794.87179487,-150.0,-32.1736680069
1318,1282.05128205,1897.43589744,-150.0,-23.8175277888
1319,1282.05128205,2000.0,-150.0,-20.4699254936
1320,1384.61538462,-2000.0,-150.0,-13.7762290965
1321,1384.61538462,-1897.43589744,-150.0,-17.4042255578
1322,1384.61538462,-1794.87179487,-150.0,-22.1775394401
1323,1384.61538462,-1692.30769231,-150.0,-26.9089067476
1324,1384.61538462,-1589.74358974,-150.0,-24.1675506989
1325,1384.61538462,-1487.17948718,-150.0,-3.24329834476
1326,1384.61538462,-1384.61538462,-150.0,12.4744284112
1327,1384.61538462,-1282.05128205,-150.0,10.8964419772
1328,1384.61538462,-1179.48717949,-150.0,5.2611426398
1329,1384.61538462,-1076.92307692,-150.0,0.510720298138
1330,1384.61538462,-974.358974359,-150.0,-2.94741694918
1331,1384.61538462,-871.794871795,-150.0,-5.43665287262
1332,1384.61538462,-769.230769231,-150.0,-7.25921193106
1333,1384.61538462,-666.666666667,-150.0,-8.62179499022
1334,1384.61538462,-564.102564103,-150.0,-9.65907399249
1335,1384.61538462,-461.538461538,-150.0,-10.4593493059
1336,1384.61538462,-358.974358974,-150.0,-11.0818071761
1337,1384.61538462,-256.41025641,-150.0,-11.5672339692
1338,1384.61538462,-153.846153846,-150.0,-11.9446670124
1339,1384.61538462,-51.2820512821,-150.0,-12.235661533
1340,1384.61538462,51.2820512821,-150.0,-12.4572074493
1341,1384.61538462,153.846153846,-150.0,-12.6239539817
1342,1384.61538462,256.41025641,-150.0,-12.7502228003
1343,1384.61538462,358.974358974,-150.0,-12.8522599572
1344,1384.61538462,461.538461538,-150.0,-12.9512846695
1345,1384.61538462,564.102564103,-150.0,-13.0781655929
1346,1384.61538462,666.666666667,-150.0,-13.2809872374
1347,1384.61538462,769.230769231,-150.0,-13.6369113571
1348,1384.61538462,871.794871795,-150.0,-14.2664684433
1349,1384.61538462,974.358974359,-150.0,-15.3255736988
1350,1384.61538462,1076.92307692,-150.0,-16.8498053324
1351,1384.61538462,1179.48717949,-150.0,-18.1480984133
1352,1384.61538462,1282.05128205,-150.0,-17.2751657155
1353,1384.61538462,1384.61538462,-150.0,-14.2086906629
1354,1384.61538462,1487.17948718,-150.0,-16.0429844278
1355,1384.61538462,1589.74358974,-150.0,-16.5772695674
1356,1384.61538462,1692.30769231,-150.0,-6.14853935631
1357,1384.61538462,1794.87179487,-150.0,2.87587231339
1358,1384.61538462,1897.43589744,-150.0,1.13616542674
1359,1384.61538462,2000.0,-150.0,-9.95704043716
1360,1487.17948718,-2000.0,-150.0,-12.6393759636
1361,1487.17948718,-1897.43589744,-150.0,-15.927708807
1362,1487.17948718,-1794.87179487,-150.0,-20.4733397193
1363,1487.17948718,-1692.30769231,-150.0,-26.1621544679
1364,1487.17948718,-1589.74358974,-150.0,-30.0351291939
1365,1487.17948718,-1487.17948718,-150.0,-26.8431954824
1366,1487.17948718,-1384.61538462,-150.0,-25.9430805364
1367,1487.17948718,-1282.05128205,-150.0,-31.5089028124
1368,1487.17948718,-1179.48717949,-150.0,-37.342482065
1369,1487.17948718,-1076.92307692,-150.0,-41.6865712143
1370,1487.17948718,-974.358974359,-150.0,-44.7634435688
1371,1487.17948718,-871.794871795,-150.0,-46.9694835367
1372,1487.17948718,-769.230769231,-150.0,-48.5894699485
1373,1487.17948718,-666.666666667,-150.0,-49.8065132458
1374,1487.17948718,-564.102564103,-150.0,-50.7377249345
1375,1487.17948718,-461.538461538,-150.0,-51.4595947331
1376,1487.17948718,-358.974358974,-150.0,-52.0234918176
1377,1487.17948718,-256.41025641,-150.0,-52.4649562434
1378,1487.17948718,-153.846153846,-150.0,-52.8093770618
1379,1487.17948718,-51.2820512821,-150.0,-53.075595882
1380,1487.17948718,51.2820512821,-150.0,-53.2783271762
1381,1487.17948718,153.846153846,-150.0,-53.429929861
1382,1487.17948718,256.41025641,-150.0,-53.5418772926
1383,1487.17948718,358.974358974,-150.0,-53.6261775434
1384,1487.17948718,461.538461538,-150.0,-53.6969342283
1385,1487.17948718,564.102564103,-150.0,-53.772117181
1386,1487.17948718,666.666666667,-150.0,-53.875162582
1387,1487.17948718,769.230769231,-150.0,-54.0343494084
1388,1487.17948718,871.794871795,-150.0,-54.272105598
1389,1487.17948718,974.358974359,-150.0,-54.5583001914
1390,1487.17948718,1076.92307692,-150.0,-54.6568198151
1391,1487.17948718,1179.48717949,-150.0,-53.7340351815
1392,1487.17948718,1282.05128205,-150.0,-49.5236137646
1393,1487.17948718,1384.61538462,-150.0,-35.6808117031
1394,1487.17948718,1487.17948718,-150.0,2.72864369695
1395,1487.17948718,1589.74358974,-150.0,47.9913132505
1396,1487.17948718,1692.30769231,-150.0,68.6912931576
1397,1487.17948718,1794.87179487,-150.0,73.8723022049
1398,1487.17948718,1897.43589744,-150.0,54.2937662282
1399,1487.17948718,2000.0,-150.0,6.99509590827
1400,1589.74358974,-2000.0,-150.0,-11.3520464024
1401,1589.74358974,-1897.43589744,-150.0,-14.1394270382
1402,1589.74358974,-1794.87179487,-150.0,-18.0273379385
1403,1589.74358974,-1692.30769231,-150.0,-23.3870026601
1404,1589.74358974,-1589.74358974,-150.0,-30.0974962937
1405,1589.74358974,-1487.17948718,-150.0,-37.1899351334
1406,1589.74358974,-1384.61538462,-150.0,-44.44432443
1407,1589.74358974,-1282.05128205,-150.0,-51.1160148367
1408,1589.74358974,-1179.48717949,-150.0,-56.2123489777
1409,1589.74358974,-1076.92307692,-150.0,-59.8364720439
1410,1589.74358974,-974.358974359,-150.0,-62.4133418588
1411,1589.74358974,-871.794871795,-150.0,-64.2855401783
1412,1589.74358974,-769.230769231,-150.0,-65.6791893313
1413,1589.74358974,-666.666666667,-150.0,-66.7387412359
1414,1589.74358974,-564.102564103,-150.0,-67.5575922255
1415,1589.74358974,-461.538461538,-150.0,-68.1976480043
1416,1589.74358974,-358.974358974,-150.0,-68.7011002133
1417,1589.74358974,-256.41025641,-150.0,-69.0975309654
1418,1589.74358974,-153.846153846,-150.0,-69.4083045263
1419,1589.74358974,-51.2820512821,-150.0,-69.6493828252
1420,1589.74358974,51.2820512821,-150.0,-69.8332219117
1421,1589.74358974,153.846153846,-150.0,-69.9701399304
1422,1589.74358974,256.41025641,-150.0,-70.0693982859
1423,1589.74358974,358.974358974,-150.0,-70.1401453679
1424,1589.74358974,461.538461538,-150.0,-70.1922850531
1425,1589.74358974,564.102564103,-150.0,-70.2371705181
1426,1589.74358974,666.666666667,-150.0,-70.2876008521
1427,1589.74358974,769.230769231,-150.0,-70.3554309749
1428,1589.74358974,871.794871795,-150.0,-70.4419859324
1429,1589.74358974,974.358974359,-150.0,-70.5085022797
1430,1589.74358974,1076.92307692,-150.0,-70.3922522354
1431,1589.74358974,1179.48717949,-150.0,-69.5457585501
1432,1589.74358974,1282.05128205,-150.0,-65.9048135193
1433,1589.74358974,1384.61538462,-150.0,-49.7143877601
1434,1589.74358974,1487.17948718,-150.0,9.4044171708
1435,1589.74358974,1589.74358974,-150.0,79.5109319933
1436,1589.74358974,1692.30769231,-150.0,103.21035037
1437,1589.74358974,1794.87179487,-150.0,105.973990514
1438,1589.74358974,1897.43589744,-150.0,77.9230349456
1439,1589.74358974,2000.0,-150.0,10.7420200275
1440,1692.30769231,-2000.0,-150.0,-10.0088987141
1441,1692.30769231,-1897.43589744,-150.0,-12.2233576084
1442,1692.30769231,-1794.87179487,-150.0,-15.2109760514
1443,1692.30769231,-1692.30769231,-150.0,-19.2368199863
1444,1692.30769231,-1589.74358974,-150.0,-24.4335673839
1445,1692.30769231,-1487.17948718,-150.0,-30.4472864549
1446,1692.30769231,-1384.61538462,-150.0,-36.3574602346
1447,1692.30769231,-1282.05128205,-150.0,-41.3116704647
1448,1692.30769231,-1179.48717949,-150.0,-45.0759780776
1449,1692.30769231,-1076.92307692,-150.0,-47.842132596
1450,1692.30769231,-974.358974359,-150.0,-49.8801437229
1451,1692.30769231,-871.794871795,-150.0,-51.405535283
1452,1692.30769231,-769.230769231,-150.0,-52.5679945344
1453,1692.30769231,-666.666666667,-150.0,-53.4681609866
1454,1692.30769231,-564.102564103,-150.0,-54.1739656555
1455,1692.30769231,-461.538461538,-150.0,-54.732046777
1456,1692.30769231,-358.974358974,-150.0,-55.1751187193
1457,1692.30769231,-256.41025641,-150.0,-55.5266689263
1458,1692.30769231,-153.846153846,-150.0,-55.8039923368
1459,1692.30769231,-51.2820512821,-150.0,-56.0202081616
1460,1692.30769231,51.2820512821,-150.0,-56.1856593788
1461,1692.30769231,153.846153846,-150.0,-56.3089478723
1462,1692.30769231,256.41025641,-150.0,-56.3977733786
1463,1692.30769231,358.974358974,-150.0,-56.4596975906
1464,1692.30769231,461.538461538,-150.0,-56.5029298513
1465,1692.30769231,564.102564103,-150.0,-56.5372168546
1466,1692.30769231,666.666666667,-150.0,-56.5749089936
1467,1692.30769231,769.230769231,-150.0,-56.6322724882
1468,1692.30769231,871.794871795,-150.0,-56.7310822488
1469,1692.30769231,974.358974359,-150.0,-56.8996057856
1470,1692.30769231,1076.92307692,-150.0,-57.1615208394
1471,1692.30769231,1179.48717949,-150.0,-57.4118745172
1472,1692.30769231,1282.05128205,-150.0,-56.4195021
1473,1692.30769231,1384.61538462,-150.0,-45.2672352789
1474,1692.30769231,1487.17948718,-150.0,7.26831982678
1475,1692.30769231,1589.74358974,-150.0,70.5484616537
1476,1692.30769231,1692.30769231,-150.0,88.8581460964
1477,1692.30769231,1794.87179487,-150.0,90.2151308335
1478,1692.30769231,1897.43589744,-150.0,64.7083886702
1479,1692.30769231,2000.0,-150.0,2.01976257861
1480,1794.87179487,-2000.0,-150.0,-8.71270752214
1481,1794.87179487,-1897.43589744,-150.0,-10.3947749614
1482,1794.87179487,-1794.87179487,-150.0,-12.5472883582
1483,1794.87179487,-1692.30769231,-150.0,-15.2696726478
1484,1794.87179487,-1589.74358974,-150.0,-18.5676387422
1485,1794.87179487,-1487.17948718,-150.0,-22.2301013392
1486,1794.87179487,-1384.61538462,-150.0,-25.8340571522
1487,1794.87179487,-1282.05128205,-150.0,-28.9905959953
1488,1794.87179487,-1179.48717949,-150.0,-31.5480375435
1489,1794.87179487,-1076.92307692,-150.0,-33.5467817468
1490,1794.87179487,-974.358974359,-150.0,-35.0951970223
1491,1794.87179487,-871.794871795,-150.0,-36.2998702067
1492,1794.87179487,-769.230769231,-150.0,-37.2454341875
1493,1794.87179487,-666.666666667,-150.0,-37.9944465302
1494,1794.87179487,-564.102564103,-150.0,-38.5921917588
1495,1794.87179487,-461.538461538,-150.0,-39.0714616904
1496,1794.87179487,-358.974358974,-150.0,-39.4562401294
1497,1794.87179487,-256.41025641,-150.0,-39.764337175
1498,1794.87179487,-153.846153846,-150.0,-40.0092401097
1499,1794.87179487,-51.2820512821,-150.0,-40.2014301783
1500,1794.87179487,51.2820512821,-150.0,-40.3493562588
1501,1794.87179487,153.846153846,-150.0,-40.4602096084
1502,1794.87179487,256.41025641,-150.0,-40.5406203202
1503,1794.87179487,358.974358974,-150.0,-40.5974020394
1504,1794.87179487,461.538461538,-150.0,-40.6385231437
1505,1794.87179487,564.102564103,-150.0,-40.6746250584
1506,1794.87179487,666.666666667,-150.0,-40.7217554154
1507,1794.87179487,769.230769231,-150.0,-40.8068014645
1508,1794.87179487,871.794871795,-150.0,-40.9789152237
1509,1794.87179487,974.358974359,-150.0,-41.3333338823
1510,1794.87179487,1076.92307692,-150.0,-42.0528828315
1511,1794.87179487,1179.48717949,-150.0,-43.409637031
1512,1794.87179487,1282.05128205,-150.0,-45.0807952538
1513,1794.87179487,1384.61538462,-150.0,-40.1437762293
1514,1794.87179487,1487.17948718,-150.0,0.775042814521
1515,1794.87179487,1589.74358974,-150.0,51.6960013236
1516,1794.87179487,1692.30769231,-150.0,63.4362018538
1517,1794.87179487,1794.87179487,-150.0,64.3015053782
1518,1794.87179487,1897.43589744,-150.0,44.5510873831
1519,1794.87179487,2000.0,-150.0,-8.27443859026
1520,1897.43589744,-2000.0,-150.0,-7.53594805236
1521,1897.43589744,-1897.43589744,-150.0,-8.78744613048
1522,1897.43589744,-1794.87179487,-150.0,-10.3072437456
1523,1897.43589744,-1692.30769231,-150.0,-12.1177780595
1524,1897.43589744,-1589.74358974,-150.0,-14.1888020867
1525,1897.43589744,-1487.17948718,-150.0,-16.4079560979
1526,1897.43589744,-1384.61538462,-150.0,-18.598579262
1527,1897.43589744,-1282.05128205,-150.0,-20.5952964015
1528,1897.43589744,-1179.48717949,-150.0,-22.3087034665
1529,1897.43589744,-1076.92307692,-150.0,-23.7267662981
1530,1897.43589744,-974.358974359,-150.0,-24.8805526535
1531,1897.43589744,-871.794871795,-150.0,-25.8142794414
1532,1897.43589744,-769.230769231,-150.0,-26.5702350958
1533,1897.43589744,-666.666666667,-150.0,-27.1837813053
1534,1897.43589744,-564.102564103,-150.0,-27.6828981719
1535,1897.43589744,-461.538461538,-150.0,-28.0892541572
1536,1897.43589744,-358.974358974,-150.0,-28.4195516316
1537,1897.43589744,-256.41025641,-150.0,-28.68673264
1538,1897.43589744,-153.846153846,-150.0,-28.9009584195
1539,1897.43589744,-51.2820512821,-150.0,-29.0703895925
1540,1897.43589744,51.2820512821,-150.0,-29.2018278624
1541,1897.43589744,153.846153846,-150.0,-29.3012921039
1542,1897.43589744,256.41025641,-150.0,-29.3746185099
1543,1897.43589744,358.974358974,-150.0,-29.428216079
1544,1897.43589744,461.538461538,-150.0,-29.4702061964
1545,1897.43589744,564.102564103,-150.0,-29.5123935618
1546,1897.43589744,666.666666667,-150.0,-29.5740005969
1547,1897.43589744,769.230769231,-150.0,-29.6891692338
1548,1897.43589744,871.794871795,-150.0,-29.9225518225
1549,1897.43589744,974.358974359,-150.0,-30.4019071463
1550,1897.43589744,1076.92307692,-150.0,-31.382557217
1551,1897.43589744,1179.48717949,-150.0,-33.338603543
1552,1897.43589744,1282.05128205,-150.0,-36.7594175033
1553,1897.43589744,1384.61538462,-150.0,-38.6873075896
1554,1897.43589744,1487.17948718,-150.0,-20.494369959
1555,1897.43589744,1589.74358974,-150.0,4.19503330148
1556,1897.43589744,1692.30769231,-150.0,7.23930866813
1557,1897.43589744,1794.87179487,-150.0,8.77477819965
1558,1897.43589744,1897.43589744,-150.0,2.26011175987
1559,1897.43589744,2000.0,-150.0,-23.3922484939
1560,2000.0,-2000.0,-150.0,-6.51007168317
1561,2000.0,-1897.43589744,-150.0,-7.43915683017
1562,2000.0,-1794.87179487,-150.0,-8.51929675202
1563,2000.0,-1692.30769231,-150.0,-9.74859409516
1564,2000.0,-1589.74358974,-150.0,-11.0995873184
1565,2000.0,-1487.17948718,-150.0,-12.5139928574
1566,2000.0,-1384.61538462,-150.0,-13.9130006358
1567,2000.0,-1282.05128205,-150.0,-15.2217704131
1568,2000.0,-1179.48717949,-150.0,-16.3910541859
1569,2000.0,-1076.92307692,-150.0,-17.4022551044
1570,2000.0,-974.358974359,-150.0,-18.2592818586
1571,2000.0,-871.794871795,-150.0,-18.9775820213
1572,2000.0,-769.230769231,-150.0,-19.5762197677
1573,2000.0,-666.666666667,-150.0,-20.0736795551
1574,2000.0,-564.102564103,-150.0,-20.4861779957
1575,2000.0,-461.538461538,-150.0,-20.8272855151
1576,2000.0,-358.974358974,-150.0,-21.1081190055
1577,2000.0,-256.41025641,-150.0,-21.3377336364
1578,2000.0,-153.846153846,-150.0,-21.523553493
1579,2000.0,-51.2820512821,-150.0,-21.6717881653
1580,2000.0,51.2820512821,-150.0,-21.7878362867
1581,2000.0,153.846153846,-150.0,-21.8767098959
1582,2000.0,256.41025641,-150.0,-21.9435467412
1583,2000.0,358.974358974,-150.0,-21.9943311019
1584,2000.0,461.538461538,-150.0,-22.0370467618
1585,2000.0,564.102564103,-150.0,-22.0836942865
1586,2000.0,666.666666667,-150.0,-22.1540336763
1587,2000.0,769.230769231,-150.0,-22.282802709
1588,2000.0,871.794871795,-150.0,-22.5340033882
1589,2000.0,974.358974359,-150.0,-23.0295650426
1590,2000.0,1076.92307692,-150.0,-24.006263372
1591,2000.0,1179.48717949,-150.0,-25.9185916363
1592,2000.0,1282.05128205,-150.0,-29.5351324457
1593,2000.0,1384.61538462,-150.0,-35.3468011654
1594,2000.0,1487.17948718,-150.0,-40.7770642383
1595,2000.0,1589.74358974,-150.0,-45.1019406526
1596,2000.0,1692.30769231,-150.0,-48.3516445845
1597,2000.0,1794.87179487,-150.0,-46.2398281878
1598,2000.0,1897.43589744,-150.0,-40.0103033233
1599,2000.0,2000.0,-150.0,-33.3162471812
