station,lat,lon,altitude,magx,magy,magz,mag_abs,mag_abs_std,time,unix_time,mag_count,student_id_list
0,50.84659631,6.267998891,156.5785633,18.81524386,6.620187364,-42.73531941,47.1647147,0.357572052,3193.791,1657359709,70,403196
1,50.84624819,6.268153667,159.4369804,19.91629859,4.171751237,-43.16645971,47.75313181,0.410487459,3808.866,1657360325,70,403196
2,50.84623361,6.268141549,158.6044978,19.85795103,0.499489093,-43.21225363,47.5614939,0.319299845,3857.624,1657360373,70,403196
3,50.84619277,6.268243106,156.691047,17.27563117,-1.283053643,-42.89119742,46.25880666,0.298418944,3968.059,1657360484,70,403196
4,50.84612998,6.268338409,155.6955972,16.87823772,-0.451643855,-43.29352477,46.47166715,0.290549,4055.106,1657360571,70,403196
5,50.84609714,6.268411129,155.5901746,18.65113201,0.343113068,-40.34819478,44.4537971,0.371404879,4166.449,1657360682,70,403196
6,50.8460543,6.268485404,155.9491942,18.84497732,0.880881602,-44.03921291,47.91114862,0.307391485,4289.965,1657360806,70,403196
7,50.84600892,6.268551096,154.4363768,20.08619134,5.165892185,-30.30793904,37.08086886,1.075796726,4411.679,1657360927,70,403196
8,50.84595887,6.268628782,155.1971181,14.19659093,0.626433294,-42.43729749,44.75606292,0.278161419,4539.148,1657361055,70,403196
9,50.8458911,6.268697207,158.3116238,15.55896773,-0.874858173,-41.85583736,44.66508413,0.426846967,4657.079,1657361173,70,403196
10,50.84582494,6.268771603,156.3937551,18.70085117,1.475093712,-43.66537601,47.52583575,0.321965642,4750.106,1657361266,70,403196
11,50.84580626,6.268844399,159.1936105,17.88216032,0.281947388,-43.97491613,47.47377625,0.398230676,4838.826,1657361355,70,403196
12,50.84573513,6.268894817,158.5812831,16.67466371,-0.8835031,-43.5044687,46.60077956,0.322336464,4963.52,1657361479,70,403196
13,50.84567277,6.268948336,155.96884,14.13794696,-0.250787001,-43.30206293,45.55704427,0.333330701,5062.739,1657361578,70,403196
14,50.84562052,6.269006907,159.1332465,18.06940517,1.651157502,-42.99080118,46.66460898,0.355865593,5140.925,1657361657,0,403196
15,50.84564379,6.268844017,157.7623758,16.38504876,-0.90220959,-41.86889997,44.9836313,0.527014512,5163.058,1657361679,70,403196
16,50.84658437,6.268022843,157.3250941,16.66102582,1.038370361,-44.37933093,47.41801251,0.441114361,5256.306,1657361772,70,403196
17,50.84613517,6.268227284,161.087653,8.556749439,-0.405389113,-39.71547056,40.63246302,0.329330224,5619.553,1657362135,70,403196
18,50.84610342,6.268228373,161.1987271,13.62735243,0.00382482,-46.3934657,48.35691485,0.531240286,5899.846,1657362416,70,403196
19,50.84609776,6.268227285,160.5990211,17.04110601,-2.814841686,-44.49634563,47.73244662,0.288396309,6004.219,1657362520,70,403196
20,50.84609513,6.268228081,160.5862363,16.36687779,-2.330051618,-44.53234476,47.50347225,0.383812206,6139.848,1657362656,70,403196
21,50.84593346,6.268304177,157.523329,16.3308307,-2.048430109,-44.31231259,47.27130765,0.303731841,6255.007,1657362771,70,403196
22,50.84572849,6.268612962,163.3468779,17.67313742,-2.537194572,-44.12179947,47.59917761,0.307693934,6375.343,1657362891,70,403196
23,50.84572809,6.268613758,163.319041,16.49421056,-2.226382136,-44.62534485,47.63199103,0.336431561,6622.437,1657363138,70,403196
24,50.84579973,6.268557868,160.67749,18.77066065,-0.373807929,-43.5080519,47.38702393,0.28969297,6721.042,1657363237,70,403196
25,50.84580037,6.268557458,161.0073359,26.68925171,-0.581624649,-39.3015467,47.52816941,1.392821287,6817.616,1657363333,70,403196
26,50.84580193,6.268556749,160.9923866,17.21292305,-1.989857798,-43.38458012,46.71799316,0.34822629,6909.551,1657363425,70,403196
27,50.84589162,6.268478299,160.6173056,19.91375618,-3.529633916,-37.92100945,43.00031902,0.811706309,6994.369,1657363510,70,403196
28,50.84596225,6.268407393,161.9389067,17.95138787,-2.421664296,-43.564131,47.1814385,0.272620319,7088.79,1657363604,70,403196
29,50.84596618,6.268403121,161.7005937,18.52672988,-1.060856994,-44.48065447,48.19800938,0.25420065,7182.306,1657363698,70,403196
30,50.84608003,6.268208787,161.1131118,20.18823321,-0.236475751,-43.8728823,48.29674274,0.406889152,7301.512,1657363817,70,403196
31,50.84656669,6.268029294,159.5464521,18.49154927,-3.853977922,-47.07654735,50.73286373,0.431580519,7425.166,1657363941,70,403196
32,50.84607855,6.268215349,157.121208,19.99816251,1.56020281,-43.66242561,48.0508558,0.291642317,7680.966,1657364197,70,403196
33,50.84607804,6.268210399,157.0461469,19.04987237,-0.38134739,-43.99391779,47.9441506,0.295923073,8012.949,1657364529,70,403196
34,50.84607752,6.268204115,156.8861826,18.38616946,-2.054497422,-44.02020787,47.75244767,0.300038113,8151.11,1657364667,70,403196
35,50.8460793,6.26819809,156.9326055,19.65074046,1.486238113,-43.90250255,48.12448829,0.314797871,8252.686,1657364768,70,403196
36,50.84607933,6.268194011,158.0995224,19.41683549,1.166064041,-44.21464462,48.30562101,0.273323716,8371.642,1657364887,70,403196
37,50.84591244,6.268052512,158.8339439,19.6603647,0.558001168,-43.64992599,47.87763955,0.294672702,8510.493,1657365026,70,403196
38,50.84582898,6.268053916,154.5862668,19.65947176,1.530784556,-44.12516779,48.33234117,0.274010729,8668.452,1657365184,70,403196
39,50.84577439,6.268112731,153.4079483,19.32109628,1.281718189,-43.93740681,48.0163353,0.285893079,8865.813,1657365382,70,403196
40,50.84577425,6.268114523,153.4036371,19.64393161,1.401586778,-43.71626086,47.94878404,0.279745345,8993.576,1657365509,70,403196
41,50.84569496,6.268378216,155.0364832,19.32992695,1.221971117,-43.92243042,48.00718068,0.29829288,9137.515,1657365653,70,403196
42,50.84563326,6.26848914,151.6139901,17.20830176,-2.825412904,-44.42895366,47.73020913,0.322948862,9248.306,1657365764,70,403196
43,50.84555411,6.268549683,155.3431867,18.71025186,0.823802148,-44.42566387,48.21385956,0.284729319,9371.961,1657365888,70,403196
44,50.8455508,6.268717376,153.8222435,17.15233601,-2.793789254,-44.82032509,48.07278137,0.324252393,9502.333,1657366018,70,403196
45,50.8455536,6.268823428,153.526707,17.86867196,-2.05194569,-44.76452201,48.24455561,0.275049375,9656.783,1657366172,70,403196
46,50.84655471,6.268021158,150.0030221,18.48563099,-0.207934965,-44.44920485,48.14226074,0.333324125,9802.046,1657366318,70,403196
47,50.84633345,6.267958087,153.8652653,16.8448022,-3.491909838,-43.95566423,47.28368596,0.506656778,10349.25,1657366865,70,403196
48,50.84630591,6.267904107,154.303371,20.00900593,4.004329913,-44.05165182,48.55064921,0.309816849,11266.656,1657367782,70,403196
49,50.84626352,6.267867983,156.2375534,19.84002696,0.219844663,-43.91583061,48.19244308,0.290162484,11385.767,1657367901,70,403196
50,50.84626298,6.267867398,156.8883974,16.6233425,-5.013404335,-44.14874769,47.44459773,0.314141803,11425.581,1657367941,70,403196
51,50.84617783,6.267756586,155.7586513,19.15472502,-0.539118771,-43.99837674,47.99190341,0.349340683,11472.087,1657367988,70,403196
52,50.84610119,6.267672834,157.1035074,17.77009566,-3.792604715,-43.98936343,47.59571424,0.264670531,11513.574,1657368029,70,403196
53,50.84610051,6.267671855,156.8794836,17.49622517,-3.392700897,-43.76941223,47.26056104,0.365010179,11564.142,1657368080,70,403196
54,50.84598822,6.26755636,152.3842606,16.35378767,-5.345204905,-43.55591327,46.83289915,0.258530576,11603.6,1657368119,70,403196
55,50.84591173,6.267447797,151.4635997,17.77452469,-3.749519324,-43.80294653,47.42270279,0.28956417,11681.129,1657368197,70,403196
56,50.84585324,6.26742434,155.9729369,17.70201511,-4.0162973,-43.58260389,47.21402642,0.318712421,11745.896,1657368262,70,403196
57,50.84577959,6.267354108,154.7666711,15.60712688,-5.129692228,-44.2202119,47.20443546,0.34883606,11789.316,1657368305,70,403196
58,50.84573385,6.267330206,158.4624545,17.98494944,-3.646965371,-43.62335739,47.32788511,0.295697537,11841.718,1657368357,70,403196
59,50.8457181,6.267218909,155.2001017,18.89063642,-2.309828888,-43.60925391,47.58311501,0.314263626,11882.848,1657368399,70,403196
60,50.84570069,6.267110724,153.9525506,18.81779834,-1.455948306,-44.07858385,47.95139433,0.338255286,11937.893,1657368454,70,403196
61,50.84564897,6.267060576,156.8482469,14.46247515,-5.50656739,-44.7155159,47.36327934,0.351362116,11979.586,1657368495,70,403196
62,50.8455684,6.266982788,156.2084298,19.24379452,-0.381445194,-43.69803047,47.75151743,0.315964189,12023.214,1657368539,70,403196
63,50.84551029,6.266940864,155.632897,16.71935231,-4.459443583,-44.53155163,47.81054589,0.287976182,12061.784,1657368577,70,403196
64,50.84543405,6.266886198,157.2423904,17.71855654,-2.935866863,-43.55986573,47.11972585,0.30505932,12099.003,1657368615,70,403196
65,50.84536565,6.266776837,156.1167728,18.80119087,-0.459161937,-44.04409458,47.89338706,0.337295646,12137.554,1657368653,70,403196
66,50.84530186,6.266708601,155.6218682,19.81211649,0.583467497,-43.84993243,48.1257637,0.361320956,12176.348,1657368692,70,403196
67,50.84524292,6.266616976,154.20311,19.26093445,-0.900966219,-43.63143463,47.70376178,0.329834123,12236.517,1657368752,70,403196
68,50.84518923,6.266543576,154.4698019,19.06642742,-1.783922953,-43.3686997,47.41252948,0.308741571,12255.467,1657368771,70,403196
69,50.84510386,6.266535252,156.5590032,15.92533986,-4.847466442,-44.04578661,47.09538487,0.316453954,12285.855,1657368802,70,403196
70,50.84503015,6.266610483,153.5159969,17.42655311,-4.227942215,-43.88853929,47.43328073,0.341090814,12327.436,1657368843,70,403196
71,50.84497631,6.266673678,156.5188331,20.91475154,1.334645043,-43.65542352,48.49924834,0.396872578,12363.715,1657368879,70,403196
72,50.84491915,6.266805453,158.2938879,18.25179858,-3.352644566,-44.15361176,47.90965266,0.3111163,12399.598,1657368915,70,403196
73,50.84485693,6.26689304,155.4339763,18.71745995,-1.262289822,-43.53857351,47.40992295,0.284935451,12429.906,1657368946,70,403196
74,50.84479668,6.266972097,157.3422941,19.98299242,-0.632277955,-43.71346218,48.1189349,0.370741891,12471.397,1657368987,70,403196
75,50.84473593,6.267087042,156.152226,17.26499786,-4.508118592,-43.9375261,47.4292802,0.330263707,12506.975,1657369023,70,403196
76,50.84467187,6.267155109,155.0115454,19.76843826,1.55318187,-43.98433903,48.25483644,0.263586128,12566.325,1657369082,70,403196
77,50.84462658,6.267276868,158.5869881,19.5896443,0.353374662,-44.21695033,48.3783189,0.315613936,12602.176,1657369118,70,403196
78,50.84456336,6.267408554,157.261171,17.01012233,-4.249861979,-44.12380022,47.49695124,0.327307116,12672.873,1657369189,70,403196
79,50.84465665,6.26742555,158.1211679,17.5998561,-4.327969027,-43.82027392,47.42655836,0.310438392,12711.207,1657369227,70,403196
80,50.84475213,6.267423658,155.4791652,21.90671501,6.176062659,-43.43980669,49.08981285,0.442420577,12763.877,1657369280,70,403196
81,50.84481816,6.267476675,157.8900236,19.68256585,0.386337617,-44.61862422,48.78106891,0.314202037,12798.315,1657369314,70,403196
82,50.84491831,6.267580873,159.411073,19.51902212,1.699326938,-44.57558349,48.69505948,0.290998103,12841.312,1657369357,70,403196
83,50.84497683,6.267667152,159.9245427,20.69296169,7.26379009,-44.83003894,49.91509683,0.297312688,12881.746,1657369397,70,403196
84,50.84505199,6.267737174,160.9266496,20.24834025,7.453337152,-44.79768797,49.72774963,0.29443237,12934.277,1657369450,70,403196
85,50.84512482,6.267798315,157.8866705,20.08172387,8.070045376,-44.61969953,49.59502563,0.363604696,12989.309,1657369505,70,403196
86,50.84520483,6.267892462,158.4824751,20.5721426,3.747114522,-45.29580966,49.90070812,0.2909717,13019.763,1657369535,70,403196
87,50.84528258,6.267962764,158.5718006,19.41059946,0.979876593,-43.99172739,48.10456074,0.308583121,13055.739,1657369571,70,403196
88,50.84537465,6.268008818,158.9386525,19.19182118,-0.717731047,-44.245218,48.23847318,0.306658752,13088.769,1657369604,70,403196
89,50.84543666,6.267951987,161.4739858,20.14254219,4.439212622,-44.24989188,48.82453755,0.282078865,13122.711,1657369638,70,403196
90,50.84558945,6.267961763,155.1743858,17.51717766,-2.996791366,-44.35395203,47.78569194,0.3215998,13164.132,1657369680,70,403196
91,50.84564147,6.268091564,157.691338,19.55158408,3.61288038,-44.45368789,48.7035674,0.342848269,13216.326,1657369732,70,403196
92,50.84571821,6.268243076,159.0266242,19.52573073,4.903780399,-44.23536857,48.60955304,0.317654051,13252.726,1657369768,70,403196
93,50.84570595,6.268412877,157.8550977,19.26887959,2.478351395,-44.41430037,48.48149915,0.332041291,13290.355,1657369806,70,403196
94,50.84547561,6.268865783,155.3334126,19.66901872,0.738550186,-44.22096252,48.41054197,0.361635632,13345.983,1657369862,70,403196
95,50.84556606,6.268981509,154.4685259,18.69416992,-1.282834894,-44.05472134,47.88846027,0.331812846,13452.683,1657369968,70,403196
96,50.84561099,6.269076564,154.9253468,17.22075795,-3.926827979,-44.20238909,47.61215314,0.340963028,13484.59,1657370000,70,403196
97,50.84565598,6.269141725,153.4113654,17.6404623,-2.37323339,-44.29954741,47.74319725,0.329702291,13518.724,1657370034,70,403196
98,50.84575539,6.269079732,151.2251401,-4.889454699,-11.33568385,-44.26229886,45.96572255,0.340215469,13554.654,1657370070,70,403196
99,50.84582175,6.268976399,152.7137169,12.5781427,-8.316758888,-43.95023526,46.55109716,0.401647102,13586.741,1657370102,70,403196
100,50.84659567,6.267994797,148.0623935,20.21324801,3.064924431,-43.65204795,48.20645638,0.295305722,13627.706,1657370143,70,403196
101,50.84642586,6.268160069,152.3715026,19.89677928,1.938330126,-44.17349036,48.48863738,0.341116985,14178.812,1657370695,70,403196
102,50.84628167,6.268438292,151.8987651,18.27038738,-1.993525105,-44.2744933,47.94492084,0.335789769,14238.298,1657370754,70,403196
103,50.84604882,6.268898437,153.2719825,17.70100654,-3.214237257,-44.17785661,47.70789501,0.328101391,14289.07,1657370805,70,403196
104,50.84593309,6.269161114,153.560272,18.78289424,-0.667333673,-44.15366974,47.99193529,0.290847889,14355.524,1657370871,70,403196
105,50.8458599,6.269421266,155.6139525,17.8122685,-2.716706082,-44.28007142,47.80780264,0.321603056,14403.173,1657370919,70,403196
106,50.84570785,6.26962627,155.9736026,18.10537654,-1.560891392,-44.37447793,47.97351679,0.264307608,14466.589,1657370982,70,403196
107,50.84576707,6.269702285,155.5974074,18.97109541,-2.217810455,-43.94404989,47.91990732,0.381617664,14527.633,1657371043,70,403196
NaN,NaN,NaN,NaN,NaN,NaN,NaN,NaN,NaN,14588.261,1657371104,70,403196
0,50.84657696,6.268034553,148.202551,19.28128368,1.780591788,-43.8016668,47.8937688,0.342670486,31.386,1657369750,70,90895
1,50.84643335,6.268409935,152.109413,18.80464102,1.42905018,-44.11376157,47.97766179,0.395392992,89.438,1657369808,70,90895
2,50.84638218,6.268520128,152.5703105,19.67082691,2.504195169,-43.95457121,48.22389014,0.331625356,128.506,1657369847,70,90895
3,50.84633917,6.268589664,151.7671672,19.35303527,0.629568514,-44.04985166,48.12096427,0.310598373,524.055,1657370242,70,90895
4,50.84632235,6.268675926,152.6340325,18.7240633,0.54290365,-44.14506215,47.96116164,0.330068457,558.486,1657370277,70,90895
5,50.84625253,6.268770822,153.2470199,19.40630638,0.209068671,-43.85302664,47.95751245,0.341098177,596.779,1657370315,70,90895
6,50.84621864,6.26886516,152.6819841,20.62366496,1.545106401,-43.61638363,48.27359537,0.306046327,630.218,1657370349,70,90895
7,50.8462089,6.268910124,155.1065329,18.46067905,1.347521983,-44.29185655,48.00785054,0.325469551,968.648,1657370687,70,90895
8,50.84614879,6.269000406,152.6875571,20.07140375,1.838713636,-43.58244362,48.02110361,0.368454028,1018.019,1657370736,70,90895
9,50.84611775,6.269079682,152.9370864,20.42248173,2.212796657,-43.61623426,48.21439874,0.307233631,1067.125,1657370786,70,90895
0,50.84659833,6.268035,154.9875448,19.66281117,2.65053181,-44.80228075,49.00006338,0.264285028,105.588,1657360080,70,428402
1,50.84633167,6.26808,159.5868691,19.57167495,6.260373047,-44.50152566,49.0178936,0.304216272,112.128,1657360087,0,428402
2,50.846305,6.268091667,158.9867969,20.01655802,0.104651349,-44.17677547,48.50143482,0.320550149,115.301,1657360090,0,428402
3,50.84626667,6.268015,156.5867536,19.40025934,0.434557799,-43.97109015,48.06441792,0.331691177,283.97,1657360259,70,428402
4,50.84621833,6.267985,156.5866559,19.69199769,3.820580183,-44.51744919,48.82904069,0.322506949,408.672,1657360383,70,428402
5,50.84618,6.267936667,158.6865943,19.09806361,-0.323548222,-44.14432531,48.10078169,0.315047143,519.83,1657360495,70,428402
6,50.84613667,6.267876667,157.7865281,20.02436011,4.01541729,-44.21338577,48.70402848,0.2998353,658.747,1657360633,70,428402
7,50.84610167,6.26785,153.7864605,19.91128387,1.214033147,-44.18845188,48.4843368,0.358281844,784.075,1657360759,70,428402
8,50.84603167,6.26781,153.4863167,19.27370322,0.776898146,-44.10223378,48.13790082,0.27920799,1055.206,1657361030,70,428402
9,50.845995,6.267741667,156.7862721,19.41331212,1.439854601,-44.15894165,48.26072208,0.346949475,1278.041,1657361253,70,428402
10,50.84595333,6.267686667,155.7862067,19.48511606,-0.001484707,-44.24442607,48.34624983,0.340054018,1290.341,1657361265,0,428402
11,50.84657,6.26804,153.3874728,19.8020468,-0.042374556,-44.54374025,48.74813636,0.333618137,1577.345,1657361552,70,428402
12,50.84589833,6.267663333,155.1527552,19.31150529,0.006320286,-44.32002384,48.34594203,0.275168665,1687.17,1657361662,70,428402
13,50.84585833,6.267591667,150.586038,19.36768894,1.024766527,-44.4979957,48.5422875,0.298395815,1690.602,1657361665,0,428402
14,50.84581667,6.267521667,152.1859823,19.71844839,1.384717662,-44.11070153,48.33907749,0.292256557,1882.433,1657361857,70,428402
15,50.845765,6.267473333,152.152555,19.16443907,0.520425408,-44.27346529,48.24752208,0.335818757,2061.749,1657362036,0,428402
16,50.84571333,6.267386667,154.5858192,19.02613841,-0.659821245,-44.02157931,47.96355847,0.291048317,2458.288,1657362433,0,428402
17,50.845675,6.267318333,153.1635483,19.10892239,-0.071609272,-44.02776811,47.99699407,0.279767435,2478.393,1657362453,70,428402
18,50.845615,6.267255,152.9856661,19.27955107,-0.277160147,-44.06283509,48.09810971,0.333636911,2999.753,1657362974,70,428402
19,50.84557,6.267205,155.4855894,18.93424715,-0.203282785,-44.80552455,48.64423512,0.326252242,3221.62,1657363196,70,428402
20,50.84552667,6.267138333,155.1855275,19.37909396,1.088972773,-44.5140346,48.5630115,0.317849996,3339.093,1657363314,70,428402
21,50.84550667,6.267091667,152.6855093,19.20272685,-0.270721238,-44.08325708,48.08656687,0.296000049,3522.214,1657363497,70,428402
22,50.84545667,6.267031667,159.2854269,19.02960012,0.054292263,-44.30800591,48.22256301,0.338354318,3713.591,1657363688,70,428402
23,50.84660667,6.26802,159.3875747,18.77266167,-0.120310061,-44.48035573,48.2808112,0.320188862,3802.849,1657363778,70,428402
24,50.84657667,6.267976667,151.98753,19.07082936,0.086113351,-44.50745272,48.42235598,0.261917986,3946.911,1657363922,70,428402
25,50.84541833,6.26695,158.9020535,19.40742087,2.009337596,-44.2703568,48.38042684,0.311143964,4059.471,1657364034,70,428402
26,50.84533333,6.26686,158.185239,19.15506842,-0.301074341,-44.41581475,48.37240404,0.27750632,4199.423,1657364174,70,428402
27,50.84526,6.266796667,158.8851022,19.07556081,0.36583897,-44.22167527,48.16325989,0.276445574,4375.611,1657364350,70,428402
28,50.84517833,6.26672,156.6849539,18.97506793,-0.457842193,-44.52252502,48.40115177,0.340874667,4518.254,1657364493,70,428402
29,50.84511667,6.266658333,159.5848443,19.04416594,0.072993231,-44.43083878,48.34167257,0.386015316,4913.402,1657364888,70,428402
30,50.845075,6.266711667,159.8847087,19.25741964,1.265798024,-44.6844217,48.67531733,0.312995716,4919.743,1657364894,0,428402
31,50.844985,6.266771667,158.9844516,19.20178193,-0.345160076,-44.23891444,48.22902985,0.279874549,9054.201,1657369029,70,428402
32,50.84488833,6.266908333,158.9841287,19.81687238,-0.057311903,-44.68327468,48.88221136,0.312680653,9059.508,1657369034,0,428402
33,50.84483194,6.267060463,159.6338935,20.06816799,-0.389696148,-44.70622962,49.00671468,0.266121588,9062.12,1657369037,0,428402
34,50.84466333,6.267213333,158.6833857,19.86699865,-0.809837764,-44.80918525,49.0239545,0.284698074,9310.793,1657369285,70,428402
35,50.84449667,6.267446667,159.3828305,20.41450097,0.794498321,-44.76804722,49.21229602,0.355702933,9456.198,1657369431,70,428402
36,50.84448333,6.267555,161.382728,20.00100065,0.561469453,-44.8526638,49.11479481,0.285595392,9624.237,1657369599,70,428402
37,50.84454,6.267675,163.9827877,19.58752417,-0.06162403,-44.79134521,48.88796915,0.33575844,9722.207,1657369697,70,428402
38,50.84464444,6.267828426,163.0884971,19.32785418,0.003006758,-44.61315079,48.62108814,0.336769391,9842.715,1657369817,70,428402
39,50.844755,6.26802,160.4830856,19.69901505,-0.697219556,-44.6641001,48.82176094,0.249868878,9858.393,1657369833,0,428402
40,50.84487167,6.268226667,159.8832346,19.16214006,-0.038915236,-44.51637121,48.46674734,0.314374543,9964.892,1657369940,70,428402
41,50.84505833,6.268448333,162.8835435,19.30424271,-0.56297008,-44.36794875,48.39025432,0.260401187,10118.997,1657370094,70,428402
42,50.84526833,6.268623333,162.2839393,19.5472738,-0.099931945,-44.43907852,48.54961499,0.282710064,10274.742,1657370249,70,428402
43,50.84547167,6.268855,159.2842821,19.58498944,0.002154534,-45.41992128,49.4636085,0.287016177,10422.968,1657370398,70,428402
44,50.84570833,6.269196667,159.8846345,19.13525889,-0.027618241,-45.0077428,48.9080307,0.314758078,10554.639,1657370529,70,428402
NaN,NaN,NaN,NaN,NaN,NaN,NaN,NaN,NaN,10758.585,1657370733,70,428402
NaN,NaN,NaN,NaN,NaN,NaN,NaN,NaN,NaN,10815.166,1657370790,70,428402
NaN,NaN,NaN,NaN,NaN,NaN,NaN,NaN,NaN,10946.434,1657370921,70,428402
NaN,NaN,NaN,NaN,NaN,NaN,NaN,NaN,NaN,11162.998,1657371138,70,428402
NaN,NaN,NaN,NaN,NaN,NaN,NaN,NaN,NaN,11291.573,1657371266,70,428402
NaN,NaN,NaN,NaN,NaN,NaN,NaN,NaN,NaN,11448.711,1657371423,70,428402
NaN,NaN,NaN,NaN,NaN,NaN,NaN,NaN,NaN,11584.925,1657371560,70,428402
NaN,NaN,NaN,NaN,NaN,NaN,NaN,NaN,NaN,11719.805,1657371695,70,428402
NaN,NaN,NaN,NaN,NaN,NaN,NaN,NaN,NaN,11843.007,1657371818,70,428402
NaN,NaN,NaN,NaN,NaN,NaN,NaN,NaN,NaN,11846.386,1657371821,0,428402
NaN,NaN,NaN,NaN,NaN,NaN,NaN,NaN,NaN,12019.526,1657371994,70,428402
NaN,NaN,NaN,NaN,NaN,NaN,NaN,NaN,NaN,12122.516,1657372097,0,428402
0,50.84673588,6.26787807,127.7353484,19.90259356,1.134556375,-44.54741445,48.80711779,0.338287332,45.978,1657360562,70,433263
1,50.84632167,6.268093333,109.3868362,20.25896601,3.126663712,-45.12580338,49.56609786,0.319210581,216.91,1657360733,70,433263
2,50.84630167,6.268085,107.4867931,19.35253037,0.596638271,-44.4708525,48.50941244,0.306370563,253.184,1657360770,70,433263
3,50.84630167,6.268085,107.4867931,19.08507857,-4.533261878,-43.34731827,47.59420237,0.380160509,372.216,1657360889,70,433263
4,50.84625833,6.268048333,108.6867118,18.96866365,-2.498355307,-43.81362217,47.81031151,0.32306008,457.415,1657360974,70,433263
5,50.84623833,6.268033333,110.0866731,19.87497395,-1.786035623,-43.69248657,48.03779024,0.2965254,529.403,1657361046,70,433263
6,50.84623,6.267996667,109.7866766,19.27136045,-0.193220983,-44.15271481,48.17785138,0.353854368,634.39,1657361151,70,433263
7,50.84620667,6.26797,107.2866373,19.45747474,0.539081478,-44.15268113,48.26337476,0.326953464,731.267,1657361248,70,433263
8,50.84618833,6.26794,108.3866123,19.95407023,0.494882257,-43.86230224,48.19366651,0.324525928,814.03,1657361330,70,433263
9,50.84618833,6.26794,108.3866123,19.01859651,-1.695385579,-43.68781548,47.68347904,0.372432665,905.849,1657361422,70,433263
10,50.84613667,6.267883333,109.5865238,20.34104802,0.093836318,-43.73386105,48.23668431,0.385009657,972.289,1657361489,70,433263
11,50.84613667,6.267883333,109.5865238,18.97381932,-1.997816874,-43.87641106,47.84700012,0.33005675,1049.541,1657361566,70,433263
12,50.84607667,6.267856667,110.0863956,19.13597478,-2.223247841,-43.55834667,47.62948151,0.321856644,1112.454,1657361629,70,433263
13,50.84607667,6.267856667,110.0863956,19.15160689,-1.445483834,-43.78709395,47.81508233,0.336566049,1202.672,1657361719,70,433263
14,50.846045,6.267825,109.7863394,19.36505615,4.951896368,-44.28299555,48.58628747,0.299282256,1253.721,1657361770,70,433263
15,50.84603,6.267771667,110.3863375,18.93167752,-0.908417313,-44.01333258,47.92277652,0.365811624,1314.952,1657361831,70,433263
16,50.84599667,6.267748333,110.1862719,19.77476101,-1.511026679,-43.35759168,47.69098309,0.344183339,1370.723,1657361887,70,433263
17,50.84599667,6.267748333,110.1862719,19.06547045,-2.071995447,-43.39769004,47.44753527,0.317888367,1413.121,1657361930,70,433263
18,50.84599667,6.267748333,110.1862719,20.25756585,4.586046519,-43.69524716,48.39788502,0.412634449,1500.584,1657362017,70,433263
19,50.84591333,6.26768,107.6861141,19.52741923,-1.470911489,-43.51786521,47.72277903,0.336157663,1565.125,1657362082,70,433263
20,50.84591333,6.26768,107.6861141,19.47631907,-0.079741246,-43.85341661,47.9868788,0.332160277,1649.105,1657362166,70,433263
21,50.84591333,6.26768,107.6861141,20.35132294,1.084564025,-43.59640241,48.12618893,0.390510602,1708.531,1657362225,70,433263
22,50.84591333,6.26768,107.6861141,19.73879814,-0.308420607,-43.65562869,47.91458975,0.358074963,1808.545,1657362325,70,433263
23,50.84659833,6.268043333,107.1875394,19.51718878,1.098298573,-44.24641304,48.37696005,0.345838834,2279.371,1657362796,70,433263
24,50.845835,6.267546667,104.8860106,19.59668511,1.050112176,-43.94632312,48.13685112,0.350817496,2447.536,1657362964,70,433263
25,50.84581667,6.26753,105.7859769,18.98741599,-2.165537684,-43.87837018,47.86802711,0.28669457,2524.684,1657363041,70,433263
26,50.8458,6.267451667,106.4859872,18.9517204,-2.614922982,-43.69333981,47.70590455,0.292375674,2589.191,1657363106,70,433263
27,50.84577667,6.267446667,107.4859339,16.40614574,-7.379380601,-43.45989859,47.03754501,0.259108205,2655.542,1657363172,70,433263
28,50.84577667,6.267446667,107.4859339,18.9308294,-2.110297208,-43.72252693,47.69304434,0.291312771,2734.032,1657363250,70,433263
29,50.84571833,6.267438333,107.7857979,16.25916164,-8.918736594,-42.93838506,46.77369145,0.378936042,2811.254,1657363328,70,433263
30,50.84572,6.267383333,106.5858376,19.14274049,-4.000484354,-43.23624682,47.45477834,0.308448955,2871.257,1657363388,70,433263
31,50.84568333,6.267396667,106.18574,19.97786051,0.175746063,-43.48869602,47.86318169,0.313528349,2946.286,1657363463,70,433263
32,50.84568333,6.267396667,106.18574,18.81920507,-3.325423574,-43.51710145,47.53242002,0.363540591,3049.774,1657363566,70,433263
33,50.84565833,6.267345,106.1857129,19.2873994,-0.522581157,-43.81705562,47.88065033,0.294783805,3098.471,1657363615,70,433263
34,50.84565833,6.267345,106.1857129,18.96828834,-2.12771228,-43.52226911,47.52670032,0.329656717,3153.6,1657363670,70,433263
35,50.84565833,6.267345,106.1857129,19.15090512,-3.059642151,-43.15990437,47.31927207,0.291963488,3216.829,1657363733,70,433263
36,50.84565833,6.267345,106.1857129,18.85881203,-2.619893551,-43.62477036,47.6108617,0.324355893,3271.458,1657363788,70,433263
37,50.84562713,6.267303796,107.5578861,18.53316689,-3.149174929,-43.58377293,47.46699644,0.305854078,3355.128,1657363872,70,433263
38,50.84558833,6.267251667,109.2856036,19.2093865,-3.965811454,-43.34341082,47.57917513,0.303441798,3448.168,1657363965,70,433263
39,50.84555333,6.267206667,108.9855479,18.72466085,-2.009506064,-43.95053308,47.81649769,0.258694195,3521.748,1657364038,70,433263
40,50.84555333,6.267206667,108.9855479,19.0149486,1.135172224,-44.2000503,48.13127131,0.326211453,3581.13,1657364098,70,433263
41,50.84550333,6.267141667,107.6854688,18.71682649,-2.596433154,-43.47916418,47.40939004,0.312731082,3662.881,1657364179,70,433263
42,50.84662667,6.267998333,109.7876372,19.51645113,0.831562332,-44.49750938,48.59931248,0.322749655,3917.258,1657364434,70,433263
43,50.84543333,6.267048333,110.1853595,19.02448483,-2.230491567,-43.90859103,47.90612951,0.359546985,4308.169,1657364825,70,433263
44,50.8454,6.267038333,110.7852852,18.50041978,2.377463773,-44.99338853,48.70780411,0.300182761,4429.365,1657364946,70,433263
45,50.84534519,6.266995,111.1962914,17.29108652,-0.346035814,-44.92319538,48.13867008,0.251405172,4464.752,1657364981,70,433263
46,50.84535833,6.266963333,113.3852327,19.59493073,0.285580462,-43.82369941,48.01155014,0.349299692,4523.502,1657365040,70,433263
47,50.84534167,6.26694,110.9852074,20.29657293,1.61883393,-43.93975165,48.42906031,0.313609084,4574.577,1657365091,70,433263
48,50.84530833,6.266875,112.6851687,19.40104994,1.253928738,-44.17028116,48.26108633,0.28337878,4652.302,1657365169,70,433263
49,50.84525333,6.26684,111.985058,18.85785375,-5.837566744,-42.69610078,47.04031356,0.321107038,4738.028,1657365254,70,433263
50,50.84524333,6.266825,111.5850435,18.8508549,-1.576501311,-43.54638154,47.47893399,0.33791764,4808.163,1657365325,70,433263
51,50.84518667,6.266785,113.484932,18.08805586,-3.711455308,-43.59394362,47.34475555,0.316211508,4881.446,1657365398,70,433263
52,50.84518667,6.266785,113.484932,17.67893363,-4.12740656,-43.84410711,47.45512537,0.308313681,4960.542,1657365477,70,433263
53,50.84517833,6.266738333,111.984942,18.73321397,-4.011716117,-43.87706599,47.87868592,0.271870335,5061.79,1657365578,70,433263
54,50.84511833,6.266735,110.9847987,19.13505878,-3.594593586,-44.074109,48.18452045,0.32238738,5205.194,1657365722,70,433263
55,50.84508833,6.266763333,112.5847076,18.40998917,-1.589578557,-44.66741328,48.34187611,0.362668296,5278.641,1657365795,70,433263
56,50.84506,6.26673,112.8846605,18.94538871,0.123054116,-44.76767191,48.61461302,0.318209271,5407.682,1657365924,70,433263
57,50.844995,6.266761667,111.6844824,14.10164546,-13.28911314,-42.27726506,46.83833711,0.451606588,5508.255,1657366025,70,433263
58,50.84496333,6.26679,111.9843872,20.94456768,-5.87766398,-43.06341585,48.2476102,0.272222922,5616.655,1657366133,70,433263
59,50.84488833,6.266855,110.9841633,18.93820359,-3.73972683,-44.30975968,48.33595755,0.335131778,5671.248,1657366188,70,433263
60,50.844865,6.266928333,111.0840592,20.52230838,-0.717175027,-43.93266127,48.49617871,0.350475632,5716.413,1657366233,70,433263
61,50.84482,6.26699,111.5839102,21.21849946,2.239804241,-42.42626408,47.49046195,0.32695815,5783.697,1657366300,70,433263
62,50.844765,6.267065,111.7837282,22.63105303,3.000100667,-43.05505382,48.73480606,0.337091527,5829.647,1657366346,70,433263
63,50.84474333,6.267135,112.8836304,20.97847015,3.34542408,-43.63956996,48.53707619,0.389382712,5902.245,1657366419,70,433263
64,50.84472333,6.267166667,113.2835614,21.6877279,0.319518253,-43.08679297,48.23963416,0.329094881,5988.003,1657366504,70,433263
65,50.84467167,6.267203333,111.8834123,20.32575152,-1.366598266,-42.96166109,47.54894763,0.332759808,6044.194,1657366561,70,433263
66,50.84467667,6.267233333,111.983405,20.81180946,0.230551474,-43.86924128,48.55733152,0.292560472,6086.254,1657366603,70,433263
67,50.84463167,6.26731,112.6832463,19.44067336,-0.276369674,-44.44259229,48.51087183,0.316884456,6133.793,1657366650,70,433263
68,50.84461,6.267351667,112.7831668,20.49491174,2.991084576,-44.32337205,48.93156275,0.345443103,6178.701,1657366695,70,433263
69,50.84661333,6.268005,106.4876006,19.72469412,1.054267308,-44.08541734,48.31071576,0.331750344,6892.657,1657367409,70,433263
70,50.84440667,6.267213333,109.5827633,21.25166591,0.538802172,-43.62213189,48.52771258,0.342081841,7444.567,1657367961,70,433263
71,50.84450167,6.267306667,110.0829333,19.64155181,-1.186473332,-44.02518986,48.2247733,0.270509582,7487.152,1657368004,70,433263
72,50.84461667,6.267408333,109.0831462,20.05664588,-4.743069049,-43.48980103,48.127385,0.272991781,7543.781,1657368060,70,433263
73,50.84472333,6.267435,110.2833876,19.86640658,-1.681985967,-44.80692798,49.04424471,0.331354181,7594.731,1657368111,70,433263
74,50.84482,6.267488333,112.1835874,19.88270708,-0.984842964,-44.58284645,48.83255746,0.353157971,7635.153,1657368152,70,433263
75,50.84491667,6.267546667,112.283784,19.73419533,-0.546007505,-44.24976087,48.53759428,0.424969472,7685.169,1657368202,70,433263
76,50.84497009,6.267630926,111.8394146,19.77733677,0.384687935,-45.1112539,49.25871784,0.299584341,7752.351,1657368269,70,433263
77,50.84503333,6.267693333,111.6839719,18.83185684,-1.835648882,-45.01971348,48.83580965,0.306402756,7861.892,1657368378,70,433263
78,50.84518,6.26785,109.384226,21.26474138,-1.397004165,-43.79862229,48.70895626,0.354583483,7900.628,1657368417,70,433263
79,50.84525333,6.267945,111.9843423,18.96321629,-1.656948359,-44.22489978,48.14918338,0.360146075,7946.132,1657368463,70,433263
80,50.84531667,6.267981667,110.0844721,19.65291326,-4.227784147,-43.47057353,47.89544106,0.334294471,8017.463,1657368534,70,433263
81,50.84537,6.267823333,111.6847039,19.3478826,0.621781829,-44.38536399,48.43490328,0.348691036,8098.581,1657368615,70,433263
82,50.84543667,6.267856667,112.184844,21.1266692,-3.101100486,-43.41326605,48.38295272,0.251724914,8218.198,1657368735,70,433263
83,50.84549333,6.267863333,113.084977,17.91792483,0.659429445,-45.38495592,48.7997958,0.33232581,8277.225,1657368794,70,433263
84,50.845585,6.2679,110.4851755,19.16241095,-2.143728411,-44.06661382,48.10375339,0.34896232,8331.552,1657368848,70,433263
85,50.84564167,6.267906667,108.4853086,19.54613162,1.964564793,-44.59864867,48.73747668,0.338706039,8381.973,1657368898,70,433263
86,50.84573333,6.268033333,108.0854488,18.94847194,1.787642636,-44.64414782,48.53485549,0.307140632,8435.331,1657368952,70,433263
87,50.84580833,6.268123333,113.6855723,20.0234548,-2.270028024,-43.76024688,48.17879192,0.308206202,8515.377,1657369032,70,433263
88,50.84584167,6.268215,111.4855937,19.85941132,3.093892459,-44.35806907,48.70919222,0.328932627,8614.564,1657369131,70,433263
89,50.84575833,6.268325,111.3853204,18.7163047,-2.653168263,-44.2876727,48.15868443,0.360184449,8726.154,1657369243,70,433263
90,50.84565167,6.268475,110.9849646,19.14080762,-0.575767444,-44.34646835,48.3111351,0.293871846,8805.422,1657369322,70,433263
91,50.84556333,6.268605,109.8846663,19.76706682,0.177156731,-44.65777054,48.83899972,0.323018667,8859.211,1657369376,70,433263
92,50.845465,6.268836667,114.7842778,20.51467953,-2.342623339,-43.87794833,48.4951967,0.358340695,9081.685,1657369598,70,433263
93,50.84553,6.268921667,115.4843803,19.97064062,1.903971853,-44.67282557,48.97937938,0.377820848,9154.24,1657369671,70,433263
94,50.84560333,6.269005,115.5845041,19.42279478,0.657219512,-44.60485121,48.66050998,0.284092416,9175.656,1657369692,70,433263
0,50.84624598,6.267982157,109.8279012,16.78924803,1.43580687,-45.09122195,48.13869847,0.153192595,33.298,1657360630,70,404130
1,50.8462613,6.267953796,108.5923358,19.6234299,3.596810974,-43.79258036,48.12461935,0.339107806,139.848,1657360736,70,404130
2,50.84620559,6.267926275,108.8984278,21.0802439,-3.526052816,-41.5883225,46.76105232,0.348591227,419.682,1657361016,70,404130
3,50.84618167,6.267888333,109.8866297,13.20634841,1.338670315,-45.50175678,47.40365966,0.368099283,420.444,1657361017,0,404130
4,50.84615667,6.267841667,109.1865993,22.40119662,6.581123672,-42.40950029,48.41756766,0.312652422,499.265,1657361096,70,404130
5,50.846115,6.267795,109.0865285,18.59869213,6.525545679,-44.3453367,48.53479244,0.347976642,584.256,1657361181,70,404130
6,50.84608833,6.267811667,109.2864531,20.85142999,2.640517896,-42.90955184,47.8061803,0.412327839,656.998,1657361253,70,404130
7,50.84604833,6.267755,108.4863928,18.68256174,8.881820038,-44.10385274,48.9665644,0.974216837,759.297,1657361356,70,404130
8,50.846017,6.267718778,107.5263403,18.48549042,9.240835156,-44.18024799,49.07128519,0.849763637,837.763,1657361434,70,404130
9,50.84598991,6.267691944,108.0196253,16.86660833,-6.999711418,-42.20260288,45.9864412,0.331219837,926.415,1657361523,70,404130
NaN,NaN,NaN,NaN,NaN,NaN,NaN,NaN,NaN,1060.78,1657361657,70,404130
0,50.84635667,6.268003949,154.2378508,19.77661792,3.330141837,-45.39530934,49.62977889,0.345227973,63.926,1657366776,70,300724
1,50.84632,6.267582149,153.4464667,22.0729826,3.022302907,-43.06441313,48.80670891,0.584722548,199.908,1657366912,70,300724
2,50.84625667,6.267540714,155.695702,22.2710674,4.335952847,-45.10964672,50.51637421,0.394561935,287.516,1657366999,70,300724
3,50.84620667,6.267480323,156.8893755,19.24308831,4.548468133,-48.78949073,52.75717283,0.366518605,355.592,1657367067,70,300724
4,50.84616333,6.267471018,158.9846048,17.69091372,-3.367990773,-45.55838705,48.99645576,0.300891319,425.577,1657367137,70,300724
5,50.846105,6.267372513,157.8159548,17.56164596,5.073811013,-46.29818513,49.79352362,0.316554088,487.225,1657367199,70,300724
6,50.846045,6.267335333,157.858031,22.59835426,3.996011523,-44.13355152,49.76506887,0.352508259,553.062,1657367265,70,300724
7,50.84599,6.267264058,157.0888358,21.43989092,4.947442477,-44.18043796,49.61132627,0.395714996,630.671,1657367342,70,300724
8,50.84591833,6.267168218,155.7463129,17.94506899,1.372247349,-45.91479301,49.33664676,0.305698058,714.145,1657367426,70,300724
9,50.845855,6.267097478,155.9429307,21.22011228,-9.357743066,-42.66716445,48.57700124,0.321823563,816.608,1657367528,70,300724
10,50.845815,6.267044629,157.2565763,12.06683201,0.983973762,-47.53641074,49.06531601,0.37888301,919.019,1657367631,70,300724
11,50.84575833,6.267018888,158.0046875,18.54162912,3.461706775,-45.33433206,49.2637352,0.394564677,1009.825,1657367722,70,300724
12,50.845715,6.266969887,158.3534242,14.04670902,1.447975659,-46.87157811,48.98292367,0.381730907,1010.985,1657367723,0,300724
13,50.84568667,6.266902587,159.3597414,19.90564398,-0.506154772,-44.90503431,49.19866573,0.342625464,1090.677,1657367802,70,300724
14,50.84563167,6.266842188,158.0280501,19.51573168,-4.650116035,-45.95793364,50.15117662,0.327287454,1279.871,1657367992,70,300724
15,50.84556,6.266795914,157.7276772,22.21724404,3.88509076,-45.19565075,50.52249282,0.34208027,1375.798,1657368088,70,300724
16,50.84550833,6.266735764,157.8066685,14.58108108,0.389287431,-48.94526024,51.07518888,0.421712619,1412.336,1657368124,70,300724
17,50.84544667,6.266696735,159.0797869,18.27577956,4.449565411,-45.71913507,49.5057566,0.305017366,1450.237,1657368162,70,300724
18,50.84539139,6.266718168,158.4744147,19.69310463,1.430026715,-45.78465091,49.86425999,0.325658054,1490.121,1657368202,70,300724
19,50.84531796,6.266748242,157.6277347,11.87510293,2.753222343,-48.15071656,49.6884122,0.325298965,1545.188,1657368257,70,300724
20,50.84526185,6.266990993,156.4973019,17.48989582,-0.839214422,-46.40061378,49.61006306,0.358851929,1586.542,1657368298,70,300724
21,50.84521472,6.266961568,156.666622,19.20836702,-1.915935605,-45.57830958,49.54682268,0.2731774,1691.471,1657368403,70,300724
22,50.84514833,6.266997855,156.3639249,21.74629765,0.99524531,-44.56536277,49.63303833,0.352066025,1735.965,1657368448,70,300724
23,50.845065,6.267058535,155.8586943,17.72338178,-3.118566477,-45.88379691,49.29655446,0.373038217,1772.939,1657368485,70,300724
24,50.84501833,6.267154982,156.1095431,18.42859988,-2.884557748,-45.44299611,49.2383607,0.337822882,1815.614,1657368527,70,300724
25,50.84492167,6.267185557,156.3824014,14.6643984,-2.729353852,-46.72687449,49.06520299,0.348305029,1875.145,1657368587,70,300724
26,50.844875,6.267250321,157.6765959,19.0930121,0.280793757,-45.42997796,49.2884261,0.33760917,1915.596,1657368627,70,300724
27,50.84479667,6.267303719,157.4444628,16.00531056,-1.701274238,-46.22404823,48.95477262,0.287026398,1959.454,1657368671,70,300724
28,50.84475,6.267426851,159.1922768,18.57493055,2.654862108,-45.83276765,49.54571261,0.360042282,2006.445,1657368718,70,300724
29,50.84468667,6.267412087,159.0653854,15.85824356,-2.270072377,-46.5486345,49.2352817,0.307098299,2054.794,1657368767,70,300724
30,50.84463833,6.267455588,159.4906641,15.76597069,-0.602843632,-47.08202842,49.66708488,0.281935068,2093.11,1657368805,70,300724
31,50.84457,6.267494672,158.4308885,21.84227265,-0.192441079,-44.74542465,49.82454621,0.347286375,2132.531,1657368844,70,300724
32,50.84465833,6.267548275,159.3459952,20.8043857,-0.691882934,-45.22631444,49.78832746,0.279551293,2170.747,1657368883,70,300724
33,50.84474667,6.267627248,159.2375366,20.87393731,2.800016083,-45.55008283,50.19961488,0.309492845,2229.321,1657368941,70,300724
34,50.84482667,6.267699394,159.2995315,19.84991237,-1.358779037,-45.69712514,49.84900851,0.341722022,2265.336,1657368977,70,300724
35,50.844915,6.267763402,158.8469592,20.4692131,-2.022355138,-45.00597758,49.53047638,0.338047864,2302.127,1657369014,70,300724
36,50.84497491,6.267825871,160.5792181,18.62630792,-3.54248727,-45.54478558,49.37176993,0.298126707,2332.691,1657369045,70,300724
37,50.84504833,6.267895175,158.343238,18.88263066,-1.495985743,-45.65688013,49.46875981,0.31945656,2371.941,1657369084,70,300724
38,50.84512833,6.267943866,160.9727763,19.13292239,0.658180479,-45.66276294,49.57796593,0.399426947,2372.308,1657369084,0,300724
39,50.84519,6.268003028,161.7383201,15.5025989,-0.585671714,-46.8145201,49.34125693,0.279172076,2406.137,1657369118,70,300724
40,50.84526667,6.268020323,162.4698007,19.63553279,-1.492358504,-45.46053004,49.55761566,0.329540551,2447.032,1657369159,70,300724
41,50.84533833,6.267920513,162.552362,19.1751411,3.683366755,-45.77348965,49.82478174,0.296123198,2483.852,1657369196,70,300724
42,50.84545157,6.267854161,161.5971567,19.14760303,4.096383095,-45.80199509,49.81641224,0.342452535,2521.787,1657369234,70,300724
43,50.84557667,6.267911412,161.0842428,21.9805057,-1.921179618,-44.37055757,49.56239504,0.312151223,2554.832,1657369267,70,300724
44,50.84567833,6.267943734,160.5657012,19.45383908,0.384303352,-45.61884668,49.60055923,0.312596285,2590.283,1657369302,70,300724
45,50.84571954,6.267983419,158.7889523,19.81446803,4.027865069,-45.45564815,49.75563829,0.340884195,2626.417,1657369338,70,300724
46,50.8457,6.268021267,157.1540477,15.99924398,-0.556761994,-46.65092964,49.32868603,0.31773516,2658.284,1657369370,70,300724
47,50.845465,6.268102851,157.9259035,18.19377847,-6.42821957,-44.80554548,48.8077798,0.347334124,2695.59,1657369407,70,300724
48,50.84555,6.268145929,158.9923812,17.81564544,-0.697959665,-45.79993014,49.17280704,0.339288541,2732.071,1657369444,70,300724
49,50.84561,6.268238921,158.8167294,17.61541371,0.553381205,-46.14117715,49.41183063,0.282251333,2775.094,1657369487,70,300724
50,50.845695,6.268330115,158.1241693,15.84411924,-0.754348207,-46.62556577,49.25294669,0.368083569,2812.095,1657369524,70,300724
51,50.84578,6.268407612,157.6192743,16.15117459,-0.32322353,-46.57718113,49.31786167,0.334100076,2813.11,1657369525,0,300724
52,50.84585,6.268484874,158.519379,15.96335771,1.502285378,-46.0526044,48.86118524,0.778954065,2856.371,1657369568,70,300724
53,50.84597667,6.268544651,156.9409146,11.92628976,4.874950784,-45.801271,48.04491016,1.883964377,2857.104,1657369569,0,300724
54,54,6.268616212,157.2662273,18.40697896,-2.866562091,-45.36389634,49.06964733,0.319887277,2901.213,1657369613,70,300724
55,55,6.268719574,158.2592089,13.06628049,0.083107018,-46.29933259,48.17790576,0.79056814,2901.644,1657369613,0,300724
56,56,6.268813992,157.8604607,18.17398445,0.287102945,-46.24986572,49.7333828,0.36848593,2936.026,1657369648,70,300724
57,57,6.268875951,157.2554441,19.79541441,1.111332893,-45.60262903,49.74185786,0.334007474,2969.631,1657369681,70,300724
58,58,6.268958098,157.4715387,20.46456765,1.413004514,-45.13938451,49.59083971,0.3322131,3006.968,1657369719,70,300724
59,59,6.269009754,157.8211008,20.68605131,6.107059193,-44.94696753,49.92689089,0.379653808,3041.336,1657369753,70,300724
60,60,6.269072812,157.4298824,18.69863186,-1.256438882,-45.37926761,49.11915463,0.388202805,3095.071,1657369807,70,300724
61,61,6.269129857,157.8873256,22.19149336,1.379301126,-43.98959231,49.35716395,0.402626416,3116.491,1657369828,70,300724
62,62,6.269075712,157.0401509,20.2993745,2.577072276,-44.59552749,49.13296809,0.360973933,3116.888,1657369829,0,300724
63,63,6.268989256,157.0970942,22.32345975,0.527344186,-43.44180826,48.95698318,0.306121722,3155.795,1657369868,70,300724
64,64,6.268919631,157.0655775,18.45716314,5.22235916,-45.28985192,49.32995971,0.374215839,3190.934,1657369903,70,300724
65,65,6.268836606,156.9064642,21.38356697,4.246228995,-44.14230766,49.25385977,0.365160939,3226.184,1657369938,70,300724
66,66,6.268770852,156.1250561,19.9904735,0.41256472,-44.76201608,49.03353375,0.288084971,3273.574,1657369985,70,300724
67,67,6.268698796,156.9114872,19.49864307,4.446182122,-45.07763225,49.35093607,0.354102952,3274.15,1657369986,0,300724
68,68,6.268630563,156.799302,19.68805463,2.358331946,-44.94622318,49.12975219,0.272028795,3324.421,1657370036,70,300724
69,69,6.268571738,155.8865762,17.18299559,9.182022558,-45.29288701,49.42454643,0.374836398,3365.027,1657370077,70,300724
70,70,6.268505814,156.687268,16.49435019,2.220284673,-46.2266649,49.19355049,0.329538197,3415.021,1657370127,70,300724
71,71,6.268437208,156.9705932,16.74157438,-0.572769019,-45.85044632,48.86672532,0.315466367,3415.409,1657370127,0,300724
72,72,6.268361737,157.8911241,20.82254302,5.971751022,-44.10593997,49.23473522,0.367005166,3451.912,1657370164,70,300724
73,73,6.268307207,158.2351018,18.68474993,5.405769498,-45.25015248,49.28365751,0.304677226,3493.18,1657370205,70,300724
74,74,6.268234224,157.9226852,19.63683357,2.749149711,-44.85433475,49.06601775,0.295408623,3529.571,1657370241,70,300724
75,75,6.268156233,157.6661506,22.62642147,0.045057505,-43.36617644,48.94117475,0.31784868,3568.134,1657370280,70,300724
76,76,6.268079426,157.611254,19.63748902,3.739727463,-45.04913554,49.31598745,0.328484667,3607.266,1657370319,70,300724
77,77,6.268011921,157.460265,20.88087785,-2.210211406,-44.16012301,48.90925832,0.334478505,3641.002,1657370353,70,300724
NaN,NaN,NaN,NaN,NaN,NaN,NaN,NaN,NaN,3690.469,1657370402,70,300724
NaN,NaN,NaN,NaN,NaN,NaN,NaN,NaN,NaN,3721.679,1657370434,70,300724
NaN,NaN,NaN,NaN,NaN,NaN,NaN,NaN,NaN,3757.069,1657370469,70,300724
NaN,NaN,NaN,NaN,NaN,NaN,NaN,NaN,NaN,3800.006,1657370512,70,300724
NaN,NaN,NaN,NaN,NaN,NaN,NaN,NaN,NaN,3800.485,1657370512,0,300724
NaN,NaN,NaN,NaN,NaN,NaN,NaN,NaN,NaN,3837.058,1657370549,70,300724
NaN,NaN,NaN,NaN,NaN,NaN,NaN,NaN,NaN,3876.65,1657370588,70,300724
NaN,NaN,NaN,NaN,NaN,NaN,NaN,NaN,NaN,3951.289,1657370663,70,300724
NaN,NaN,NaN,NaN,NaN,NaN,NaN,NaN,NaN,3987.193,1657370699,70,300724
0,50.84656507,6.267991564,157.8624923,21.97691187,-3.5817751,-46.04709625,51.14999766,0.353957281,26.28,1657360046,70,428349
1,50.8463609,6.268056254,154.4869554,22.29697094,1.159162807,-45.02524436,50.25810983,0.321086017,287.064,1657360306,70,428349
2,50.84631618,6.268013594,156.4868746,22.25689387,4.093041004,-45.12624468,50.49019329,0.29347703,411.348,1657360431,70,428349
3,50.84627541,6.26799998,154.4867846,22.76676192,-0.862236861,-44.82297167,50.28200814,0.333299867,518.279,1657360538,70,428349
4,50.84622585,6.267964907,155.4866871,22.24438951,0.570165048,-45.20464859,50.38547096,0.285938777,667.77,1657360687,70,428349
5,50.8461823,6.267913293,152.7088372,22.24668495,-0.214042159,-45.06708875,50.26073728,0.315845356,838.01,1657360857,70,428349
6,50.84616676,6.267874555,152.4866024,23.13085076,-0.666224449,-44.38316073,50.0548517,0.290764139,1128.273,1657361148,70,428349
7,50.84608736,6.267795953,154.4864609,23.84495237,-0.869397157,-43.94583953,50.01346278,0.252767617,1297.179,1657361316,70,428349
8,50.8460643,6.267739656,153.4864414,23.28952727,0.084214228,-44.42302802,50.15916127,0.350083783,1570.925,1657361590,70,428349
9,50.84601225,6.267716082,155.4863305,23.01095088,0.51507616,-44.33396993,49.95412107,0.286864043,1708.622,1657361728,70,428349
10,50.84598188,6.267642512,157.4863046,22.65241462,2.635451044,-44.39756497,49.91335378,0.334334107,1914.675,1657361934,70,428349
11,50.84659136,6.268018155,156.4875388,23.42533913,-1.126425365,-44.57834233,50.37230661,0.374103747,2306.251,1657362325,70,428349
12,50.84590445,6.267593537,157.4861486,23.19498002,-0.681162558,-44.1903074,49.91501405,0.272383218,3109.435,1657363129,70,428349
13,50.84587632,6.267540901,158.4861145,23.35703199,-0.744156688,-44.36440729,50.14423185,0.316722342,3222.843,1657363242,70,428349
14,50.84582653,6.267503947,157.4860177,21.04127876,-1.406023492,-45.47998379,50.13299986,0.308290577,3365.7,1657363385,70,428349
15,50.84575973,6.267423862,159.4859076,20.78231343,-1.459525059,-45.36781823,49.92394039,0.373406539,3614.555,1657363634,70,428349
16,50.84568511,6.267366882,156.4857636,21.51618186,-2.981356134,-45.13077409,50.08845869,0.307152337,3713.78,1657363733,70,428349
17,50.8456624,6.267295895,156.4857545,21.29348365,-1.643540922,-45.40844895,50.18141365,0.349848268,3834.505,1657363854,70,428349
18,50.8456089,6.267245194,157.4856577,21.03067333,-0.86633016,-45.52514621,50.15722525,0.31440464,3945.201,1657363964,70,428349
19,50.84557466,6.267214292,154.4855947,21.18029352,-0.213583456,-45.70004643,50.37102214,0.284234263,4053.233,1657364072,70,428349
20,50.84555503,6.267144932,154.485592,21.16804284,-1.084437197,-45.63287691,50.3170093,0.301140136,4202.881,1657364222,70,428349
21,50.8454656,6.267123353,148.2631669,21.06870635,-0.567211781,-45.55032381,50.19182761,0.311327319,4371.744,1657364391,70,428349
22,50.84544908,6.267041906,153.4854019,21.34325709,-1.66180251,-45.54720246,50.32880107,0.267340494,4524.071,1657364543,70,428349
23,50.84657169,6.268016833,150.4874919,21.61363975,-1.592789379,-45.58279522,50.47462681,0.316552127,4937.338,1657364957,70,428349
24,50.84658373,6.267978369,156.4875461,21.73305321,-1.367582134,-45.91080829,50.81484991,0.409544344,8840.797,1657368860,70,428349
25,50.84540246,6.266940369,154.4853546,21.43577121,-0.490767884,-45.50028283,50.30045035,0.343908802,9332.21,1657369351,70,428349
26,50.84534096,6.266852404,154.2630402,21.77891535,-0.753775345,-45.32282513,50.29146816,0.388319427,9527.823,1657369547,70,428349
27,50.84525314,6.266807752,158.4850784,21.58652594,-1.815387188,-45.39852121,50.30328729,0.276577105,9623.21,1657369642,70,428349
28,50.84518178,6.266727983,158.4849571,21.36176575,-1.717543517,-45.85215536,50.61483225,0.326367182,9732.128,1657369751,70,428349
29,50.84511543,6.266662392,155.4848387,21.47804895,-1.340011638,-45.57179756,50.39878104,0.315407602,9842.808,1657369862,70,428349
30,50.84508215,6.266697138,157.4847355,21.79120778,-1.759545493,-45.69747276,50.66028502,0.275444745,9976.342,1657369996,70,428349
31,50.84499775,6.26675859,153.484491,21.67352063,-2.441945001,-45.56527846,50.51792668,0.307196767,10149.532,1657370169,70,428349
32,50.84490017,6.266919559,156.4841502,22.16133532,-1.751140138,-45.68494552,50.80833806,0.302247312,10302.357,1657370322,70,428349
33,50.84480887,6.267030819,156.4838567,22.02460722,-0.791345869,-45.43368443,50.49823456,0.325084397,10433.367,1657370453,70,428349
34,50.84468769,6.267221101,157.4834397,22.24922654,-0.807116188,-45.27362709,50.45295922,0.297797763,10568.789,1657370588,70,428349
35,50.8444967,6.267414393,159.3161848,15.28604659,-0.256601947,-48.7091241,51.05762825,0.339391892,10656.106,1657370675,70,428349
36,50.84449561,6.267547669,160.4827625,15.57693199,-0.611177933,-48.87301543,51.30003591,0.291228154,10838.596,1657370858,70,428349
37,50.8445083,6.267678639,157.4827085,20.5980117,-1.684814339,-45.76344327,50.21494538,0.348896279,11057.551,1657371077,70,428349
38,50.84461616,6.26781524,162.4828815,20.05725002,-1.121364152,-45.96992079,50.16912531,0.330844426,11180.743,1657371200,70,428349
39,50.84472981,6.268009129,162.4830315,20.44190715,-0.89630223,-46.08751292,50.42652588,0.258280538,11320.686,1657371340,70,428349
40,50.84487803,6.268219617,157.4832546,20.10424271,-0.629072678,-46.06115712,50.26250681,0.369777226,11483.11,1657371502,70,428349
41,50.84504995,6.268422248,160.4835401,20.21764104,-0.960084804,-45.88531521,50.15257645,0.297199355,11612.971,1657371632,70,428349
42,50.84526273,6.268589289,153.4839477,20.52913668,-0.574871545,-45.86496533,50.25421655,0.311302338,11734.421,1657371754,70,428349
43,50.84547018,6.268829561,158.484295,20.60357113,-0.482857681,-46.82891077,51.16445002,0.348330733,11875.627,1657371895,70,428349
44,50.84569182,6.269181734,165.4846041,19.61524249,0.067025377,-46.46999888,50.44194521,0.324873621,12059.273,1657372079,70,428349
0,50.846605,6.268018333,105.6875717,19.51867204,-0.373434687,-44.75352287,48.82801672,0.309246067,94.095,1657369502,70,439093
1,50.84644833,6.267681667,106.1874101,19.1817728,-0.568842555,-45.10851356,49.02595679,0.324649033,170.915,1657369579,67,439093
2,50.84620352,6.267133333,105.5871719,19.24582868,-0.164530675,-47.14881958,50.93105394,0.302845158,239.447,1657369647,69,439093
3,50.84598333,6.266745,108.6868896,19.67734767,-0.310576517,-44.87687154,49.00391456,0.294080101,299.735,1657369708,67,439093
4,50.84562833,6.266411667,107.7640226,19.61363915,0.79415082,-45.21195472,49.29552988,0.364647565,377.991,1657369786,70,439093
5,50.84519333,6.266226667,109.4853098,18.32178633,0.723736706,-46.94374377,50.44431465,0.82166363,495.424,1657369903,69,439093
6,50.8449,6.266458333,112.9844484,19.20494881,-1.029789742,-45.02522114,48.96796646,0.328350764,564.803,1657369973,70,439093
7,50.84436537,6.266901759,112.0328649,19.59039146,0.658638969,-44.92155228,49.09519315,0.511050853,654.485,1657370062,70,439093
8,50.84429167,6.267083333,110.8825687,18.74890097,-0.044517763,-45.06736038,48.81366536,0.271839167,712.249,1657370120,67,439093
9,50.84419167,6.267206667,111.0822464,20.18094161,2.042057713,-44.98840566,49.35733414,0.292472267,819.355,1657370227,70,439093
10,50.84426,6.267386667,110.6822955,19.31574021,1.947233787,-45.37534835,49.35849878,0.330167717,880.567,1657370288,66,439093
11,50.84437833,6.267813333,108.8823062,19.20652703,0.470881748,-45.26285771,49.17708359,0.338204947,961.874,1657370370,70,439093
12,50.84466333,6.268413333,108.2826086,19.0133982,-0.174573399,-45.15182866,48.99723745,0.294712596,1074.181,1657370482,70,439093
13,50.84490667,6.268756667,108.1829762,19.05887012,0.101451807,-44.92496474,48.80431865,0.3088087,1148.852,1657370557,68,439093
14,50.845095,6.269215,112.7831359,19.04510761,3.143572849,-45.23599013,49.25219212,0.466344101,1212.581,1657370620,63,439093
15,50.845235,6.269585,113.9832356,19.18832588,0.86429386,-45.05512398,48.99294718,0.353612643,1287.06,1657370695,69,439093
16,50.84546667,6.26974,114.9836967,19.47789035,0.460097256,-45.10203535,49.13572519,0.309598725,1366.967,1657370775,68,439093
17,50.84575833,6.269898333,112.1843011,19.14674727,0.453126463,-45.25142647,49.15467066,0.292332459,1463.713,1657370872,66,439093
18,50.84595935,6.269486296,111.7906108,18.94026097,-1.54138265,-44.92213516,48.78388988,0.321602371,1527.985,1657370936,70,439093
19,50.846265,6.268821667,113.3862269,18.69328616,-0.175360907,-45.79767267,49.47310285,0.311658651,1642.781,1657371051,67,439093
20,50.84647157,6.268356275,111.734088,19.46418617,-0.493579165,-45.04915892,49.08991503,0.306074185,1703.834,1657371112,67,439093
0,50.84658669,6.26803773,157.9153512,19.9791057,3.495321233,-43.90974998,48.36907915,0.313987687,2979.027,1657359655,70,419784
1,50.84629401,6.268102383,155.300658,20.52753928,-0.308213227,-43.47060062,48.07569275,0.335224401,3395.205,1657360071,70,419784
2,50.84631198,6.268091741,156.3342037,18.34941077,0.741298853,-44.69500405,48.32201914,0.289055524,3682.092,1657360358,70,419784
3,50.84626571,6.268076173,153.9736709,19.81627955,-2.062824181,-43.47340028,47.82237522,0.324107445,4181.898,1657360858,70,419784
4,50.84626571,6.268076173,155.4096583,19.57576833,-3.172628835,-43.26000911,47.59645315,0.336392153,4258.643,1657360934,70,419784
5,50.84626571,6.268076173,156.5983595,20.03304498,-0.250635021,-43.54162908,47.93189212,0.258755876,4338.268,1657361014,70,419784
6,50.84621281,6.268000193,156.951108,20.24321341,-0.846759496,-43.39300009,47.89167421,0.25943632,4424.822,1657361100,70,419784
7,50.84621061,6.267966345,157.1581741,20.70911086,2.659171677,-43.62676937,48.36982618,0.275207153,4537.759,1657361213,70,419784
8,50.84617263,6.267934579,158.4190124,19.74968788,-0.522406077,-43.72441374,47.9868933,0.340872138,4614.145,1657361290,70,419784
9,50.8461543,6.267904731,158.3529424,21.67083135,-0.791384111,-42.68696752,47.92790413,0.34501173,4698.192,1657361374,70,419784
10,50.84612442,6.267901576,157.9589137,23.39814592,0.11078952,-42.0961034,48.16307782,0.2974019,4774.578,1657361450,70,419784
11,50.84609505,6.267864977,158.3199675,24.55655098,-2.854171205,-40.50069253,47.45358391,0.285895339,4839.577,1657361515,70,419784
12,50.84605648,6.267802988,159.0106227,23.17354971,-2.508261936,-41.44449686,47.55190817,0.34457207,4909.598,1657361585,70,419784
13,50.84608785,6.267823841,160.0061874,19.48285209,-3.160474924,-43.44261306,47.71792325,0.288537197,4984.189,1657361660,70,419784
14,50.84602766,6.267790242,160.5747135,20.0466804,0.540883201,-43.97308044,48.33112166,0.285679738,5048.233,1657361724,70,419784
15,50.84600536,6.267757463,160.2141749,18.1793369,-3.457267659,-43.97412545,47.71075968,0.301434695,5119.778,1657361795,70,419784
16,50.8459756,6.267756924,159.4287601,23.82100239,1.934756211,-42.10255209,48.41414849,0.285564237,5174.907,1657361851,70,419784
17,50.84596134,6.267715047,157.7667535,23.7932509,-3.804767575,-41.04490269,47.61222278,0.291512288,5222.034,1657361898,70,419784
18,50.84596072,6.267675149,157.7422168,23.4435924,-0.490987134,-41.78309762,47.91460397,0.323157277,5276.088,1657361952,70,419784
19,50.8459315,6.267645214,158.825882,22.91785665,0.427509901,-42.14927815,47.98015507,0.287295723,5347.288,1657362023,70,419784
20,50.8459042,6.267634254,160.8249859,20.6928851,-1.991665128,-42.85554346,47.63282874,0.364135285,5440.133,1657362116,70,419784
21,50.84589408,6.267621202,157.378781,18.7398156,-2.280590977,-43.83294803,47.72669967,0.303318806,5508.565,1657362184,70,419784
22,50.84587302,6.26762562,156.0280109,25.56587663,-1.377701327,-40.51193662,47.92531924,0.241872584,5571.296,1657362247,70,419784
23,50.84585685,6.267606055,154.9241956,27.66067093,-4.196007746,-38.45780405,47.55853064,0.312038296,5659.381,1657362335,70,419784
24,50.84659121,6.268047151,152.6484241,21.04942597,-0.695408746,-43.14815053,48.01560789,0.291361902,6087.215,1657362763,70,419784
25,50.84583263,6.267552846,152.0314941,20.45685517,-1.74186541,-43.23289839,47.86135107,0.309240243,6335.031,1657363011,70,419784
26,50.84578696,6.267534024,153.3920213,19.75224737,-1.993545406,-43.57311085,47.88354983,0.261788429,6383.018,1657363059,70,419784
27,50.84575265,6.267469443,155.2506262,23.47982475,1.643028099,-42.05099553,48.19507392,0.317487586,6443.951,1657363120,70,419784
28,50.84574125,6.26746714,154.0860308,25.57085386,-0.992463452,-40.43934773,47.8572979,0.266144896,6534.666,1657363210,70,419784
29,50.84572653,6.267473282,154.3478237,24.49662495,-3.026696866,-40.68803978,47.59235044,0.316357712,6589.027,1657363265,0,419784
30,50.84572925,6.267444377,153.0648412,26.73173479,-3.028133709,-39.31638581,47.64402335,0.276927652,6612.828,1657363288,70,419784
31,50.84568357,6.267388325,153.1566829,21.66018625,-1.830948775,-42.48049845,47.7214313,0.320703256,6671.102,1657363347,70,419784
32,50.84564762,6.267369815,154.7756389,22.72852748,-1.277966372,-41.92382387,47.71713311,0.328192831,6735.12,1657363411,70,419784
33,50.84563089,6.267357942,155.6636306,20.60559867,-1.201455401,-43.0929118,47.78616039,0.285900114,6834.438,1657363510,70,419784
34,50.84560515,6.267332723,157.2419846,24.09799963,-3.188979554,-40.99213164,47.65987772,0.300043716,6899.979,1657363576,70,419784
35,50.84560573,6.267331239,155.8842474,28.3008697,-4.672448983,-37.96081467,47.58080417,0.29080374,6952.781,1657363628,70,419784
36,50.84556826,6.26728882,155.8187639,24.67112032,1.251122931,-41.68003535,48.45175024,0.294562682,7016.061,1657363692,70,419784
37,50.84557235,6.267285854,154.1125864,18.11443159,1.952901084,-44.72015223,48.4266928,0.333147596,7075.81,1657363751,70,419784
38,50.84555076,6.267240559,153.3675705,23.68100709,-1.038442142,-41.9314003,48.17020503,0.263642089,7168.714,1657363844,70,419784
39,50.84553799,6.267206394,154.8042804,25.68018644,1.395359366,-41.65881833,48.95911418,0.327206273,7241.865,1657363918,70,419784
40,50.84549992,6.267229262,153.763668,26.58683267,1.963421692,-40.97172824,48.88279092,0.287918119,7311.395,1657363987,70,419784
41,50.84548918,6.26714099,151.2371338,25.64903385,0.634266329,-40.82521455,48.22877355,0.344232321,7370.632,1657364046,70,419784
42,50.84659341,6.26804458,150.127756,20.76868771,0.565331285,-43.61711181,48.31439084,0.287582237,7464.291,1657364140,70,419784
43,50.8453954,6.267079501,152.3520761,22.25775122,-1.809518996,-42.46742352,47.98791793,0.320183763,7798.055,1657364474,70,419784
44,50.84535815,6.267054822,153.7614488,22.1579507,-0.555460599,-42.94078004,48.32570408,0.271644884,8088.036,1657364764,70,419784
45,50.8453524,6.266993851,152.9692978,23.18635404,2.30388749,-42.73190079,48.6762419,0.295260426,8179.856,1657364856,70,419784
46,50.8453278,6.266960238,152.983948,25.18171062,-1.952486139,-40.84470705,48.02441897,0.263021013,8238.129,1657364914,70,419784
47,50.84530017,6.266938648,152.1169109,25.74245646,-4.141307974,-40.18075567,47.90134572,0.288600655,8319.676,1657364995,70,419784
48,50.84524057,6.266916212,153.6238938,28.42362502,-2.058273559,-38.7750424,48.12214922,0.304125672,8382.596,1657365058,70,419784
49,50.8452277,6.266863905,153.6253161,21.05412077,1.65282496,-43.68406116,48.52238181,0.254900767,8456.233,1657365132,70,419784
50,50.84518497,6.266855272,154.1042754,22.09885584,-2.196201861,-42.34184134,47.81453732,0.301444346,8528.253,1657365204,70,419784
51,50.84515989,6.266811184,154.1574863,22.88672265,-3.482132936,-41.92196241,47.89095911,0.274334182,8611.369,1657365287,70,419784
52,50.84513072,6.266811324,155.6611672,26.17419041,1.670492884,-41.02814337,48.69693086,0.28178265,8693.136,1657365369,70,419784
53,50.84509988,6.26680175,155.431405,21.31548912,2.680463464,-43.98458879,48.95172621,0.3586985,8761.893,1657365438,70,419784
54,50.84508636,6.266811935,153.8429731,18.67942731,-1.436057372,-44.64021519,48.41348125,0.321109251,8843.212,1657365519,70,419784
55,50.84507391,6.266774764,156.0537707,18.34823903,-1.082631622,-44.93156471,48.54669756,0.334125774,9007.937,1657365684,70,419784
56,50.84500225,6.266836048,157.1434609,29.96683731,3.910174138,-38.62174258,49.04186794,0.312264038,9065.888,1657365742,70,419784
57,50.84496527,6.266824889,157.9611852,23.34244063,4.809274592,-42.86150774,49.0435821,0.294408384,9067.614,1657365743,0,419784
58,50.84493977,6.266877658,156.6331607,26.56706676,-5.088736916,-39.76457383,48.09625882,0.287288091,9205.971,1657365882,70,419784
59,50.84489806,6.266893936,162.0856155,26.6057676,2.277420528,-41.12891012,49.03893471,0.299535727,9301.539,1657365977,70,419784
60,50.84484105,6.266974035,161.5927064,27.29990447,-6.61539853,-38.43156575,47.67392099,0.444388313,9364.512,1657366040,0,419784
61,50.84479056,6.267033457,162.2131299,25.12830192,-0.126157352,-39.7984739,47.0773965,0.341378778,9384.877,1657366061,70,419784
62,50.8447861,6.267085551,161.9291413,28.0802818,0.90967004,-39.67132568,48.61463672,0.278095914,9472.549,1657366148,70,419784
63,50.84471391,6.267155558,162.6845439,22.27314742,1.016981908,-42.81722319,48.27565629,0.299838426,9516.38,1657366192,70,419784
64,50.84468346,6.267191911,159.6707394,26.34598078,1.094086804,-40.64571397,48.4511776,0.324740375,9559.258,1657366235,70,419784
65,50.844663,6.267278409,161.2157006,25.21180276,-0.668407699,-38.38655788,45.95364129,0.351895529,9601.435,1657366277,70,419784
66,50.84464171,6.267277046,160.2375979,27.14804028,3.098133646,-40.43716463,48.80968181,0.310050163,9656.202,1657366332,70,419784
67,50.84461833,6.267354723,159.9251287,27.15814263,-0.50561642,-40.11774477,48.4507085,0.307255519,9727.003,1657366403,70,419784
68,50.84456976,6.267399925,160.0931537,25.39323305,1.821556187,-42.41232709,49.46861011,0.273441831,9785.212,1657366461,70,419784
69,50.84663869,6.268067624,158.9570243,20.99674941,1.127313907,-43.7201531,48.51597552,0.343453766,9878.032,1657366554,70,419784
70,50.8443859,6.267225893,159.6832036,28.06440885,-0.556615439,-39.63884811,48.5910875,0.358960297,9938.044,1657366614,70,419784
71,50.84446832,6.267344237,157.2751973,25.76678807,2.064650195,-41.18481434,48.67615373,0.31839992,9981.707,1657366657,70,419784
72,50.8445783,6.267422136,158.3467946,24.09920423,-1.876140795,-42.55559262,48.95786977,0.307378735,10694.321,1657367370,70,419784
73,50.84468108,6.267444556,160.1090792,23.19270554,-2.352355078,-42.63831667,48.59620743,0.277217564,11238.717,1657367914,70,419784
74,50.84480964,6.267498154,160.450143,26.02173753,-0.156514559,-41.84341234,49.2895898,0.307523377,11289.835,1657367965,70,419784
75,50.8448885,6.267572287,161.2002775,28.96761491,-6.030431543,-38.93404334,48.90618956,0.28711807,11345.969,1657368022,70,419784
76,50.84495652,6.267657821,160.5871449,25.28995457,0.771730154,-42.61564876,49.56359215,0.352406607,11399.791,1657368075,70,419784
77,50.84502628,6.267729433,160.2820476,24.66830289,-6.251050292,-41.28188335,48.51727061,0.332061782,11437.963,1657368114,70,419784
78,50.84508287,6.267786943,160.1314019,23.14797805,-3.209057403,-42.41549159,48.42871121,0.305978687,11487.834,1657368163,70,419784
79,50.84517256,6.267863684,160.8703227,25.91994929,-2.511779744,-40.99586754,48.56948204,0.292048546,11559.538,1657368235,70,419784
80,50.84524173,6.26794786,161.973107,24.38532993,-2.156394964,-42.01494326,48.62781999,0.225135162,11612.033,1657368288,70,419784
81,50.84532046,6.268025863,162.1153147,24.21436168,-5.2897517,-41.16519345,48.05859637,0.314192038,11665.784,1657368341,70,419784
82,50.84536805,6.267854472,161.297415,13.22221756,-3.08196435,-46.15987271,48.11675846,0.343802335,11704.802,1657368380,70,419784
83,50.84540808,6.267868864,162.7266603,26.06202899,-0.013878356,-41.31087903,48.84780933,0.316523614,11749.288,1657368425,70,419784
84,50.84548282,6.267882047,162.4076704,23.72990524,-1.894398241,-42.53333762,48.7461447,0.265626665,11794.159,1657368470,70,419784
85,50.84556265,6.26791242,161.7896755,22.42564441,-4.985070719,-42.31530566,48.15156664,0.296175152,11896.422,1657368572,70,419784
86,50.84562376,6.267926405,162.049379,20.67296589,-4.828718894,-43.27725797,48.20505698,0.373266712,12015.665,1657368691,70,419784
87,50.84573132,6.268063591,161.5016545,20.92873467,-5.934686971,-42.70175231,47.96048529,0.345643547,12077.073,1657368753,70,419784
88,50.84580265,6.26813682,160.7757481,26.6864994,-5.382439416,-39.50214195,47.9791057,0.258605274,12127.579,1657368803,70,419784
89,50.84581919,6.268234317,159.6457177,16.8212607,-1.675062173,-45.3410383,48.39082772,0.337975674,12187.921,1657368864,70,419784
90,50.84572773,6.268355501,158.067165,24.60418764,5.370228522,-42.29692372,49.22787873,0.310689184,12241.769,1657368917,70,419784
91,50.8456358,6.268507477,157.397323,24.65893299,-4.079254624,-41.28282324,48.28586905,0.30173973,12302.321,1657368978,70,419784
92,50.84557036,6.268634796,158.8080266,13.74489333,-1.729074499,-46.93230117,48.9503309,0.335550344,12386.16,1657369062,70,419784
93,50.84546509,6.268854202,157.0679719,28.25031319,-1.707562893,-40.26863147,49.22095757,0.241002746,12526.094,1657369202,70,419784
94,50.84549764,6.268923439,158.9034334,26.67051438,1.486728205,-41.1162868,49.03283239,0.327608431,12579.412,1657369255,70,419784
95,50.84557532,6.269034056,158.7398646,28.94946139,-1.097233987,-38.88778447,48.49554503,0.307852628,12631.256,1657369307,70,419784
NaN,NaN,NaN,NaN,NaN,NaN,NaN,NaN,NaN,12878.204,1657369554,70,419784
NaN,NaN,NaN,NaN,NaN,NaN,NaN,NaN,NaN,12924.002,1657369600,70,419784
NaN,NaN,NaN,NaN,NaN,NaN,NaN,NaN,NaN,12975.51,1657369651,70,419784
0,50.84656343,6.267964259,156.7708393,19.77667743,0.741643786,-44.38438078,48.74007775,0.317015034,1390.577,1657360123,70,428426
1,50.846235,6.268151667,155.9865883,19.60547965,-0.828928627,-43.90842394,48.09559201,0.300798485,1677.774,1657360411,70,428426
2,50.84616833,6.26823,153.5863759,19.16839352,-1.531352241,-44.08493663,48.09768546,0.351336301,1783.107,1657360516,70,428426
3,50.84610167,6.268338333,151.3861441,19.33102616,-0.460192588,-44.29504776,48.33477075,0.309377241,1890.304,1657360623,70,428426
4,50.84609,6.26842,153.3860629,18.82377082,0.16009309,-43.8029298,47.67813655,0.368244244,1998.564,1657360731,70,428426
5,50.84602333,6.268488333,152.885857,18.66496135,-3.512869474,-43.86036775,47.80443322,0.29046856,2114.465,1657360847,70,428426
6,50.84601,6.268546667,154.7857869,18.82730936,-2.350018178,-44.40465731,48.28975176,0.343215589,2230.866,1657360964,70,428426
7,50.84595167,6.268653333,155.9855764,17.94693007,-1.770421587,-43.9221041,47.48185599,0.332370328,2369.031,1657361102,70,428426
8,50.845865,6.268691667,154.8853414,18.2725656,-1.700854133,-44.25498924,47.91095074,0.316783274,2472.795,1657361206,70,428426
9,50.845835,6.268778333,157.5852126,18.54456182,-1.875128174,-43.63453827,47.45028469,0.319281217,2566.723,1657361300,70,428426
10,50.84578667,6.268853333,155.7850468,18.31411514,-1.928176497,-44.93630224,48.56490364,0.36095682,2649.3,1657361382,70,428426
11,50.84573,6.268911667,158.0848716,18.15136008,-0.251970611,-44.20664422,47.79009427,0.322208866,2782.613,1657361515,70,428426
12,50.84568,6.268998333,154.9846943,18.84092969,-1.438135227,-44.90539098,48.72016498,0.352680587,2878.792,1657361612,70,428426
13,50.84562167,6.269015,155.6845421,17.77549041,-1.895645882,-44.18726305,47.66749235,0.353458739,2980.6,1657361713,70,428426
14,50.84564333,6.26887,155.7846885,17.23371149,0.386531319,-45.24556694,48.41955201,0.313514312,3081.201,1657361814,70,428426
15,50.84658667,6.268023333,151.287524,18.41579206,-1.391055264,-45.71172382,49.30319486,0.429143142,3434.384,1657362167,70,428426
16,50.84612,6.268215,153.0862685,18.79991583,-1.086483414,-43.66807513,47.55712754,0.300155406,3724.388,1657362457,70,428426
17,50.84604333,6.268223333,153.5860772,19.20319331,-1.111723045,-44.56352528,48.53886877,0.333093299,3834.507,1657362567,70,428426
18,50.84604333,6.268223333,153.5860772,19.12864821,-2.582043958,-44.57829415,48.57911862,0.313450493,3961.707,1657362695,70,428426
19,50.84596,6.268291667,159.3858309,18.59078217,-2.862368175,-45.98637586,49.68571102,0.365769356,4077.883,1657362811,70,428426
20,50.84588333,6.26836,155.5856008,18.53996201,-2.373655728,-44.00027755,47.80751746,0.276331125,4077.996,1657362811,0,428426
21,50.84568167,6.268643333,157.4849283,19.19453632,-2.674229687,-44.56112556,48.59410613,0.351444981,4217.328,1657362950,70,428426
22,50.84573667,6.268625,158.8850735,19.34683268,-1.997466551,-44.38375784,48.45948661,0.275614438,4459.129,1657363192,70,428426
23,50.84579333,6.268553333,158.0852573,19.12414641,-1.551496081,-44.41008557,48.37908243,0.343337087,4541.087,1657363274,70,428426
24,50.84583333,6.268516667,158.0853781,19.30258617,-0.663823629,-44.8405383,48.82445542,0.299559922,4639.984,1657363373,70,428426
25,50.84590667,6.268465,156.8855893,18.82505373,-1.274504212,-44.24857603,48.10474428,0.303614467,4723.486,1657363456,70,428426
26,50.84595167,6.268443333,154.9857124,18.05870688,-2.650237628,-43.88835068,47.5340853,0.292934531,4809.578,1657363542,70,428426
27,50.84597667,6.268408333,157.8857957,18.61303646,-3.575957087,-43.97388862,47.88679602,0.326819833,4901.46,1657363634,70,428426
28,50.84603167,6.2683,157.6859992,18.99029214,-2.342690977,-44.28289517,48.24106538,0.333655057,5003.403,1657363736,70,428426
29,50.84609167,6.268243333,156.9861814,19.18119098,-1.958615897,-44.04121448,48.07853661,0.343376396,5129.193,1657363862,70,428426
30,50.846595,6.268023333,155.5875442,19.50468355,1.958683426,-44.53686011,48.66223662,0.328370568,5243.784,1657363977,70,428426
31,50.84612139,6.268066574,157.1419236,18.39934878,-3.228869997,-43.85340603,47.66981403,0.272802281,5536.756,1657364270,70,428426
32,50.84608,6.268043333,156.3862827,19.10286833,-1.804655904,-43.88893983,47.90166615,0.318571568,5868.09,1657364601,70,428426
33,50.84602833,6.268031667,156.686165,19.32465142,0.337175664,-44.32961649,48.3610442,0.340865136,5969.996,1657364703,70,428426
34,50.84598333,6.267966667,155.5860981,19.56273657,1.086288105,-44.279682,48.42220345,0.34174084,6072.381,1657364805,70,428426
35,50.84596,6.26799,154.8860264,18.89504296,-2.225607601,-44.48512993,48.38446775,0.281854409,6185.544,1657364918,70,428426
36,50.845895,6.268045,158.6858331,19.3194321,-2.231522889,-44.08451614,48.18473592,0.314715851,6324.236,1657365057,70,428426
37,50.84582167,6.268058333,159.0856467,19.7744776,-2.393001757,-44.44029999,48.70154588,0.309619122,6500.652,1657365234,70,428426
38,50.845765,6.268133333,157.5854607,19.02071242,-2.3949869,-44.53356252,48.4861175,0.28191131,6694.373,1657365427,70,428426
39,50.84571333,6.268226667,159.585275,19.44861813,-1.229515423,-44.32940707,48.42542392,0.342014886,6842.126,1657365575,70,428426
40,50.84570167,6.268391667,157.4851398,19.44864949,-2.651341844,-44.22100656,48.38316422,0.303977741,6976.886,1657365710,70,428426
41,50.84564667,6.268505,156.0849331,19.30824991,1.298785816,-44.5600817,48.58224967,0.34769244,7084.13,1657365817,70,428426
42,50.84555,6.26858,160.4846502,19.43946092,0.71600506,-44.83259174,48.87243549,0.281905089,7212.324,1657365945,70,428426
43,50.845555,6.268723333,160.2845694,18.76086622,-3.43061535,-44.78222624,48.67583961,0.30148765,7347.416,1657366080,70,428426
44,50.84557333,6.268823333,160.3845491,19.19416362,-2.033522429,-45.02390006,48.98816643,0.355491695,7507.493,1657366240,70,428426
NaN,NaN,NaN,NaN,NaN,NaN,NaN,NaN,NaN,7630.028,1657366363,70,428426
0,50.846614,6.268005767,157.8086297,19.71096156,3.425222525,-44.92873235,49.24534988,0.450306708,227.353,1657359788,70,428345
1,50.84633899,6.267970706,158.5128196,16.24944438,17.02917032,-44.68031327,50.59214211,0.537431022,409.467,1657359970,70,428345
2,50.84632845,6.267954087,158.5991493,19.59170295,4.111893415,-44.53742785,48.83121975,0.360359172,461.71,1657360022,70,428345
3,50.84629393,6.267945812,158.6764044,19.23979337,3.23527176,-44.8464156,48.90809114,0.324552575,501.202,1657360061,70,428345
4,50.84627365,6.267902201,158.3341201,18.92569041,-0.653580334,-44.55958775,48.41954645,0.290379088,545.868,1657360106,70,428345
5,50.84622338,6.267850227,157.6988493,19.33895242,4.432004459,-44.91109189,49.09953036,0.335410277,582.87,1657360143,70,428345
6,50.84623519,6.2678193,157.5561299,19.34258802,2.242549045,-45.16121625,49.1824494,0.319544463,624.264,1657360184,70,428345
7,50.84616978,6.267831161,155.9068276,19.37527261,3.065617868,-44.58434252,48.71056878,0.300026054,686.097,1657360246,70,428345
8,50.84620649,6.267764559,156.2931733,18.58681098,2.513885982,-45.06449263,48.81350997,0.361661978,792.185,1657360352,70,428345
9,50.8461543,6.267731991,157.0678651,18.01252978,-1.007013307,-44.46152562,47.98530955,0.279771644,846.006,1657360406,70,428345
10,50.84611178,6.267740683,156.3685309,17.91312068,0.723259653,-45.18109583,48.60987255,0.386878662,889.946,1657360450,70,428345
11,50.84606555,6.267707632,159.0224828,15.13923016,-4.937278761,-44.42726222,47.19760927,0.340902632,959.763,1657360520,70,428345
12,50.84601417,6.267673896,159.0922517,15.49733907,-5.463404029,-44.52381723,47.46090349,0.30523022,1024.802,1657360585,70,428345
13,50.84596741,6.267650876,158.8136533,19.02896481,6.179369164,-45.02856462,49.27569869,0.270066576,1060.332,1657360620,70,428345
14,50.84593511,6.267561704,159.1317995,18.36939079,1.603441007,-44.67935922,48.33861585,0.355161988,1107.199,1657360667,70,428345
15,50.84589091,6.267501727,158.3926049,18.7519562,6.079100432,-45.16091276,49.28448247,0.397212341,1154.297,1657360714,70,428345
16,50.8458658,6.267447762,159.7765614,17.17994314,-0.786182533,-44.97260312,48.15052196,0.357960596,1191.821,1657360752,70,428345
17,50.84582414,6.267401751,157.1485944,14.86600298,-6.072210673,-44.49986076,47.31031085,0.322831413,1245.179,1657360805,70,428345
18,50.8457645,6.267383294,157.4300034,18.24222875,1.839755331,-45.17175168,48.75466537,0.290945075,1281.709,1657360842,70,428345
19,50.84572409,6.267366921,157.0075629,19.22439409,3.491747754,-44.0882158,48.22526714,0.295747314,1319.69,1657360880,70,428345
20,50.84570937,6.267297839,158.0337899,17.61644006,-0.342964915,-44.63879275,47.99246069,0.322086647,1365.084,1657360925,70,428345
21,50.84566698,6.267277635,158.6999431,18.19192044,2.535672276,-44.75037809,48.37553814,0.321839736,1451.656,1657361012,70,428345
22,50.84569245,6.267146389,157.7806598,18.64369684,12.48889742,-40.84050642,49.44482171,1.551104659,1554.949,1657361115,70,428345
23,50.84567178,6.26709941,158.392948,19.12680046,0.599516136,-45.73631565,49.5797754,0.333995547,1607.153,1657361167,70,428345
24,50.84561266,6.267100959,159.6931352,16.77277816,-6.212764386,-43.26794128,46.82193696,0.359810701,1659.628,1657361220,70,428345
25,50.84556493,6.267057041,160.5271255,17.15854217,-3.526153346,-44.77230137,48.08101834,0.373072879,1696.109,1657361256,70,428345
26,50.84552986,6.267010883,160.6047245,17.95832353,0.481783036,-45.17113092,48.61383776,0.276598917,1735.258,1657361295,70,428345
27,50.84548551,6.266968692,159.5350812,18.62812211,2.080388539,-44.7663147,48.53372465,0.389062606,1777.43,1657361338,70,428345
28,50.84546639,6.266944275,159.052771,18.87143645,5.536435822,-45.27125582,49.36040573,0.325170782,1810.548,1657361371,70,428345
29,50.84542656,6.266889686,158.396521,19.1956434,6.507443033,-44.62571656,49.01540168,0.367974443,1851.928,1657361412,70,428345
30,50.84537652,6.266843246,159.9371097,18.1364481,1.406007413,-44.90452434,48.4506667,0.343907346,1888.838,1657361449,70,428345
31,50.84535829,6.266816527,159.2627698,18.98528344,6.659563719,-45.36529138,49.62801884,0.332908929,1942.084,1657361502,70,428345
32,50.84530509,6.266733535,159.0001824,18.28801902,1.438983747,-44.51393149,48.14708639,0.315930754,2016.18,1657361576,70,428345
33,50.84527423,6.266696994,157.5193708,18.55680757,5.296101182,-45.42479548,49.35555409,0.361518043,2074.861,1657361635,70,428345
34,50.84523628,6.266682129,158.3820814,18.87612871,4.021563877,-45.11562822,49.07279788,0.366301216,2121.764,1657361682,70,428345
35,50.84519215,6.266638284,157.4571133,18.6318161,3.449039636,-44.79898169,48.64483261,0.355633141,2162.805,1657361723,70,428345
36,50.84517533,6.266594282,157.6046298,17.97531087,0.363778533,-45.15248778,48.60187634,0.357347411,2208.143,1657361768,70,428345
37,50.84513918,6.266563267,158.3336102,16.90864416,-1.754489604,-45.1315609,48.22945747,0.296810796,2246.848,1657361807,70,428345
38,50.84513009,6.266580335,159.960849,15.57910192,-3.993703318,-45.32393815,48.09434024,0.289958803,2284.243,1657361844,70,428345
39,50.84660773,6.267998452,161.110472,19.68619987,2.967436906,-44.67659095,48.9133879,0.323988572,3274.666,1657362835,70,428345
40,50.84508419,6.266560473,157.7682457,17.18627475,-4.259151169,-44.17270769,47.59149448,0.31133152,3756.39,1657363317,70,428345
41,50.84503515,6.266632685,160.3355383,16.14090936,-4.543520982,-44.46599366,47.52407352,0.313973487,3794.591,1657363355,70,428345
42,50.84498763,6.266696676,159.7543599,16.57779745,-4.415141545,-44.13206449,47.35080261,0.316171587,3830.82,1657363391,70,428345
43,50.84496981,6.266724848,160.3236514,17.040148,-2.523040623,-44.72885126,47.93374617,0.279236883,3867.544,1657363428,70,428345
44,50.84495032,6.266762453,160.8204873,17.18771033,-3.671839506,-44.66410076,48.00020398,0.379960439,3900.158,1657363460,70,428345
45,50.84491257,6.266838872,160.4554578,18.89840341,-0.280692785,-44.49148456,48.3411674,0.336403857,3938.441,1657363499,70,428345
46,50.84485733,6.266911163,159.7164465,16.08323887,-5.767297452,-44.40306004,47.57849154,0.323996552,3975.981,1657363536,70,428345
47,50.84484179,6.26692138,159.4114061,16.040673,-7.078706557,-44.10130506,47.46568462,0.288203526,4010.485,1657363571,70,428345
48,50.84480873,6.26694668,158.9401249,15.84233976,-6.767120825,-44.02209827,47.28511096,0.303173949,4042.987,1657363603,70,428345
49,50.84475856,6.267016001,158.7890422,16.52643138,-3.673612537,-44.31809344,47.44935711,0.348158021,4084.411,1657363645,70,428345
50,50.84472649,6.267065299,159.2449037,15.40554367,-6.143306719,-43.9180082,46.94710623,0.329297528,4123.761,1657363684,70,428345
51,50.84469703,6.267146343,158.6793285,18.76117823,-0.33035884,-44.28015371,48.09426547,0.362555785,4158.737,1657363719,70,428345
52,50.84465429,6.267143873,156.5480162,17.11153551,-3.747048605,-44.2884444,47.62849917,0.300440446,4190.921,1657363751,63,428345
53,50.84456268,6.267345348,158.6226605,15.63122924,-5.021017909,-45.14549522,48.06597541,0.378347459,4269.078,1657363829,70,428345
54,50.84453275,6.267411401,160.791972,16.08317522,-6.158533573,-44.14089514,47.38342917,0.323795493,4307.003,1657363867,70,428345
55,50.8445826,6.267424431,161.2163194,17.44940229,-2.608476847,-44.96456092,48.30431535,0.356905286,4351.728,1657363912,70,428345
56,50.84463701,6.267412076,160.141515,14.31544623,-6.832836478,-44.98043752,47.71032829,0.390459695,4402.077,1657363962,70,428345
57,50.84467102,6.267438903,161.8244448,14.5601446,-6.986320945,-45.11478615,47.92050056,0.306864743,4454.387,1657364015,70,428345
58,50.84474708,6.267454499,164.2788664,16.06560578,-5.300955854,-45.13179229,48.19991924,0.270529129,4489.918,1657364050,70,428345
59,50.84479577,6.267481499,163.8582619,17.17623321,-1.657476105,-45.41422457,48.58368323,0.325899781,4523.802,1657364084,70,428345
60,50.84485863,6.267529049,164.5553202,18.30376906,0.235696769,-45.60946083,49.14762535,0.308128164,4558.51,1657364119,70,428345
61,50.84491899,6.267533674,166.7534344,16.26458144,-7.673954797,-43.82655275,47.75539039,1.014497287,4592.407,1657364153,70,428345
62,50.84493949,6.267627404,167.1990411,19.47952715,-0.561342214,-45.2408589,49.26187205,0.288971667,4629.254,1657364189,70,428345
63,50.84499492,6.267695847,165.2542527,15.72809537,-6.003993968,-44.7623557,47.82669198,0.339573629,4666.659,1657364227,70,428345
64,50.84503748,6.26773409,165.3248539,16.60313178,-2.215443155,-45.23519233,48.23873351,0.281352112,4711.663,1657364272,70,428345
65,50.8450871,6.267773819,163.8548218,20.03315362,6.388935035,-45.41983724,50.05261917,0.285943064,4750.19,1657364310,70,428345
66,50.84514234,6.267859011,164.1927945,18.13739788,0.162116626,-45.3177645,48.81648418,0.300642966,4795.435,1657364356,70,428345
67,50.84518984,6.267921993,162.2802407,20.04725478,4.740286051,-44.71300948,49.23178624,0.312608121,4832.524,1657364393,70,428345
68,50.84523644,6.267957791,161.4832622,19.0824967,8.800673144,-45.24603964,49.89527272,0.347242278,4880.681,1657364441,70,428345
69,50.84527728,6.268000986,160.2931986,17.46930092,-1.666685874,-45.09212129,48.3890019,0.342452746,4943.775,1657364504,70,428345
70,50.84531669,6.268028185,160.1619153,15.48925635,-6.858536169,-44.45796258,47.57959704,0.350407799,4981.466,1657364542,70,428345
71,50.84537856,6.268012293,160.043742,18.94795976,1.427063983,-45.20293323,49.03556262,0.298306476,5040.89,1657364601,70,428345
72,50.8454242,6.26796528,160.3305279,15.12025392,-8.37227429,-43.97035893,47.33355359,0.43564171,5082.922,1657364643,70,428345
73,50.84550613,6.267923299,160.8498438,17.0040996,-3.725979137,-45.076377,48.32378736,0.30864175,5123.646,1657364684,70,428345
74,50.84556722,6.267933091,158.6737503,19.48302759,1.821877119,-45.00064626,49.07275173,0.310612642,5163.244,1657364723,70,428345
75,50.84560777,6.267982382,158.1538751,19.20518505,6.674252101,-45.3574755,49.70818754,0.354344507,5199.926,1657364760,70,428345
76,50.84566086,6.268065266,158.103135,19.257727,7.624360888,-45.6737114,50.15422483,0.379258399,5244.922,1657364805,70,428345
77,50.84570712,6.268159747,157.7025681,19.67733776,3.785537849,-45.03417587,49.2926706,0.353567263,5285.291,1657364845,70,428345
78,50.84567885,6.268221844,155.2630605,16.43380728,-4.093544415,-44.84274308,47.938814,0.347992938,5337.548,1657364898,70,428345
79,50.84572164,6.268332806,155.6040754,15.55522848,-6.082122353,-44.60611452,47.63179207,0.311536949,5391.201,1657364951,70,428345
80,50.84571801,6.268316018,156.9697357,16.40537883,-4.136418169,-44.58219299,47.6872994,0.308581419,5515.849,1657365076,70,428345
81,50.84569521,6.268391174,154.5850289,17.65975887,-1.319055746,-44.94603522,48.31101341,0.308623887,5556.833,1657365117,70,428345
82,50.84561808,6.268434149,156.5430694,18.30767125,0.433065621,-45.13705363,48.71325291,0.372664036,5604.281,1657365164,70,428345
83,50.84561775,6.26853334,155.5864512,19.26649617,3.285341341,-45.16329395,49.21302741,0.293714212,5640.946,1657365201,70,428345
84,50.84555936,6.268636785,158.8891906,16.29691338,-4.577509754,-44.94420967,48.02847394,0.332465999,5681.882,1657365242,70,428345
85,50.84554536,6.268710837,158.7198447,16.64907137,-2.549714465,-45.53149915,48.61336005,0.532302091,5716.07,1657365276,70,428345
86,50.8455083,6.268817787,155.9818926,19.64726832,5.823616328,-46.23586279,50.57499183,0.366078645,5774.092,1657365334,70,428345
87,50.84553547,6.268868947,156.394567,19.4873442,3.515329552,-45.85600379,49.95739065,0.536796919,5862.661,1657365423,70,428345
88,50.84556837,6.268945474,156.2629139,17.98165722,-1.901723531,-45.04246521,48.54209638,0.341896346,5865.489,1657365426,0,428345
89,50.84561709,6.269016484,155.4351051,18.31254965,-1.382690743,-44.74987559,48.37366131,0.349639801,5908.647,1657365469,70,428345
90,50.84570524,6.269194593,157.2439531,17.83399437,-0.079257072,-44.93074063,48.35072986,0.365184112,5948.957,1657365509,70,428345
91,50.84574024,6.269178752,157.7121201,14.74923571,-5.862891476,-44.900137,47.62487771,0.306222544,6002.146,1657365562,70,428345
92,50.84576502,6.269111669,157.5360083,17.76645884,-3.621987619,-44.38610039,47.95027177,0.358138334,6042.004,1657365602,70,428345
93,50.84581505,6.269051572,156.5910934,17.64540781,-3.543147983,-44.92714735,48.40035373,0.348895684,6078.273,1657365638,70,428345
94,50.84582558,6.268987239,155.8526284,18.0868557,-0.065030001,-44.79328809,48.30881751,0.373558088,6109.221,1657365669,70,428345
95,50.84585803,6.268937201,157.1376855,18.2290602,0.741990893,-44.71595759,48.29867183,0.321742139,6141.156,1657365701,70,428345
96,50.84589781,6.268831581,157.2554685,19.11292289,0.46051009,-44.89819439,48.80066675,0.255575222,6170.047,1657365730,70,428345
97,50.84592717,6.268803278,156.4778006,19.23040976,1.825270183,-44.61436353,48.62132955,0.315872928,6201.636,1657365762,70,428345
98,50.84594837,6.268763663,156.5453792,19.13979746,2.109582949,-44.59264379,48.57383859,0.304399831,6230.958,1657365791,70,428345
99,50.84599469,6.268707003,155.9915629,19.8041635,4.393022197,-43.98827253,48.44211851,0.305288709,6259.013,1657365819,70,428345
100,50.84602376,6.268661708,155.3693381,19.87495752,3.680111899,-44.32632719,48.71882068,0.346103146,6289.033,1657365849,70,428345
101,50.84604123,6.268632256,155.346803,18.54256415,-0.632842204,-44.2777414,48.00962546,0.355939422,6321.504,1657365882,70,428345
102,50.84609027,6.26856779,156.4348237,17.68608055,-2.837776543,-44.2932627,47.78070226,0.31355334,6352.858,1657365913,70,428345
103,50.84612788,6.268514316,155.2046318,19.46077934,2.676685992,-44.62959096,48.76450227,0.356027097,6383.287,1657365943,70,428345
104,50.84615688,6.268459,153.9383064,17.91364653,-3.602715886,-44.83208803,48.41878482,0.280840146,6410.8,1657365971,63,428345
105,50.84618675,6.268370333,155.0566591,18.57483749,-1.973000939,-44.54091786,48.30201585,0.301925895,6442.78,1657366003,70,428345
106,50.84622984,6.268303487,155.7701688,17.61376362,-3.516069753,-44.08680196,47.60728133,0.323118512,6475.237,1657366035,70,428345
107,50.84626526,6.268243534,154.9377876,19.31805649,0.569354095,-43.80489311,47.88082924,0.339752494,6508.242,1657366068,70,428345
108,50.84630298,6.268145786,155.3293676,16.47518317,-4.475784687,-44.40748623,47.62141538,0.466518403,6541.673,1657366102,70,428345
109,50.84658102,6.268005518,153.2483387,19.87550062,3.808620112,-44.51095319,48.897038,0.310182802,6578.147,1657366138,70,428345
110,50.84659088,6.268015706,154.7087713,19.9409359,4.703738308,-44.54949384,49.0369879,0.340663822,6858.005,1657366418,70,428345
111,50.84642377,6.267664767,152.9872428,19.70513611,9.576047448,-44.5472453,49.65321922,0.384882229,9897.345,1657369458,70,428345
112,50.84626394,6.267308981,153.1933428,13.58375259,-7.225519221,-43.88301768,46.51852352,0.428045156,10013.42,1657369574,70,428345
113,50.84597483,6.266754433,156.5574162,17.32215445,-3.710289563,-44.10038441,47.52700037,0.325125791,10102.604,1657369663,70,428345
114,50.84563821,6.266403182,157.629872,19.54068402,3.671925255,-44.42553602,48.9111575,0.804643038,10165.823,1657369726,70,428345
115,50.84523437,6.266237273,159.9021538,20.39258889,2.999190412,-44.50320364,49.04667816,0.324972086,10270.403,1657369831,70,428345
116,50.84496378,6.26643542,165.5506003,20.02745795,6.410709613,-44.75086436,49.4464707,0.366061182,10339.636,1657369900,70,428345
117,50.84434033,6.266966567,160.2485129,17.74672862,1.826211165,-45.61107973,48.98643597,0.353480786,10398.536,1657369959,70,428345
118,50.84421803,6.267186581,161.1655348,19.95711686,6.683217035,-44.71304458,49.42134296,0.395198481,10526.495,1657370087,70,428345
119,50.84425925,6.267465579,161.5012822,21.69137609,1.8753296,-43.73893176,48.93870964,0.425028828,10611.09,1657370171,70,428345
120,50.84440578,6.267805469,159.0402256,19.72001356,4.136354017,-45.12763775,49.42447254,0.306317905,10686.94,1657370247,70,428345
121,50.84453086,6.268121256,162.3143553,19.77648122,2.484679147,-45.0069379,49.22597607,0.3202641,10750.595,1657370311,70,428345
122,50.84475672,6.268549126,161.2539704,19.19290831,-0.462504928,-44.46901343,48.46412043,0.771785281,10808.15,1657370368,70,428345
123,50.84499558,6.268875977,157.9842266,24.51588854,0.797608052,-44.52193936,50.83713128,0.415642086,10873.484,1657370434,70,428345
124,50.84512833,6.269251382,160.2267403,19.1868036,-1.565492305,-44.56374016,48.54959826,0.308217852,10939.182,1657370499,70,428345
125,50.84529792,6.269769147,160.5395704,22.36882902,-2.38987358,-42.59741859,48.17917671,0.318724831,10991.1,1657370551,70,428345
126,50.84546783,6.269660495,158.1863437,14.95960109,-6.414653185,-44.39742633,47.28907858,0.299933319,11050.149,1657370610,70,428345
127,50.84574869,6.269797004,157.0726477,20.34381665,4.750228337,-44.53498159,49.1946652,0.318038688,11120.244,1657370680,70,428345
128,50.84595547,6.269424599,155.5738717,17.8577431,-3.103453108,-44.47521891,48.03340002,0.298970588,11228.609,1657370789,70,428345
129,50.84610741,6.269089852,159.0418946,19.96400367,1.847933643,-44.52052291,48.82888701,0.330136801,11288.27,1657370848,70,428345
130,50.84638323,6.26852446,159.8404489,17.41974847,-5.385258164,-44.07799666,47.70587725,0.324313699,11341.28,1657370901,70,428345
NaN,NaN,NaN,NaN,NaN,NaN,NaN,NaN,NaN,11416.264,1657370976,70,428345
45,50.84635667,6.267963333,157.7870053,19.66977444,1.977609542,-43.83405925,48.08734736,0.315701842,180.519,1657367824,70,428426
46,50.84632,6.267931667,157.586937,20.08504178,0.885493408,-44.07101876,48.44145551,0.338318529,261.751,1657367905,70,428426
47,50.84625667,6.26786,157.7868298,20.09839456,-0.780606272,-43.8159783,48.21375536,0.325983593,306.858,1657367950,70,428426
48,50.84620667,6.267798333,159.8867486,20.14534168,1.292120998,-43.72803334,48.1639631,0.348557504,363.647,1657368007,70,428426
49,50.84616333,6.26774,158.6866813,20.08581758,-0.233137313,-43.94451348,48.31914657,0.315876294,411.262,1657368054,70,428426
50,50.846105,6.267683333,157.1865766,19.74984875,-1.074560208,-44.00725632,48.24969243,0.340456292,447.046,1657368090,70,428426
51,50.846045,6.267641667,158.0864581,19.73903711,2.090204154,-44.00057111,48.27225979,0.266448265,493.594,1657368137,70,428426
52,50.84599,6.267585,157.0863615,18.28817861,-3.553820504,-44.11757104,47.90089335,0.283631499,603.39,1657368247,70,428426
53,50.84591833,6.267491667,157.2862482,20.01603434,0.638192257,-43.94928687,48.30324053,0.329606334,663.756,1657368307,70,428426
54,50.845855,6.26745,158.8861217,19.69869625,-1.006866511,-44.03848207,48.25696558,0.347157098,708.006,1657368351,70,428426
55,50.845815,6.267356667,158.5860852,19.74898469,-1.405542988,-43.89541059,48.15581169,0.271935875,770.158,1657368413,70,428426
56,50.84575833,6.267323333,159.6859694,19.60865677,-0.285538122,-43.97140928,48.14849369,0.273722909,811.2,1657368454,70,428426
57,50.845715,6.267223333,160.8859291,20.10650163,2.351211865,-43.90411726,48.35060338,0.31188044,850.921,1657368494,70,428426
58,50.84568667,6.267126667,157.885923,19.51068772,-0.363377198,-44.34793897,48.45550128,0.300679155,889.042,1657368532,70,428426
59,50.84563167,6.267055,158.2858361,19.13537292,-2.049058545,-43.90544194,47.93965078,0.306355337,930.843,1657368574,70,428426
60,50.84556,6.266988333,158.0857055,19.70024861,-1.298295508,-44.19018816,48.40200506,0.316784594,968.804,1657368612,70,428426
61,50.84550833,6.266923333,156.8856223,19.75877394,-1.037397705,-44.10752422,48.34848529,0.319852342,1006.198,1657368649,70,428426
62,50.84544667,6.266861667,160.1855128,18.992536,-2.025464732,-43.76907806,47.75631256,0.345814986,1045.119,1657368688,70,428426
63,50.84539139,6.266791296,158.5187576,19.32799277,-1.807167407,-43.88341015,47.98680376,0.359594443,1076.477,1657368720,70,428426
64,50.84531796,6.266729722,159.0686195,19.99099159,-1.104359128,-43.89042631,48.24419191,0.309929038,1108.042,1657368751,70,428426
65,50.84526185,6.266636852,162.5796547,19.93498756,0.410920848,-43.71061957,48.04484079,0.280943308,1142.459,1657368786,70,428426
66,50.84521472,6.266568426,162.5906958,19.61755009,2.466340276,-44.25254626,48.47052558,0.347443561,1174.571,1657368818,70,428426
67,50.84514833,6.26654,160.7849977,20.08177725,-0.358281713,-44.25830133,48.60388086,0.343907714,1219.945,1657368863,70,428426
68,50.845065,6.266615,162.5847471,19.28430486,-1.559897447,-43.57430562,47.68045147,0.293379843,1261.496,1657368905,70,428426
69,50.84501833,6.2667,161.1845789,20.06568113,-1.533851903,-44.03270487,48.42504011,0.446536806,1298.343,1657368942,70,428426
70,50.84492167,6.266781667,161.2842916,20.13277424,-1.691153833,-43.81120164,48.24676677,0.391743054,1335.966,1657368979,70,428426
71,50.844875,6.266863333,159.0841255,20.41486465,-2.522449866,-42.96201935,47.65412957,0.328947427,1394.048,1657369037,70,428426
72,50.84479667,6.266993333,159.5838514,18.97297241,-2.690271916,-44.50177362,48.4561615,0.310211375,1436.347,1657369080,70,428426
73,50.84475,6.267075,161.4836854,20.02541439,-0.276323983,-43.79251409,48.1562821,0.311269925,1478.862,1657369122,70,428426
74,50.84468667,6.267151667,162.1834822,20.42466294,-0.946201587,-43.87521346,48.40713054,0.303379436,1530.939,1657369174,70,428426
75,50.84463833,6.267238333,162.3833089,20.17815129,2.379873249,-44.03643548,48.51525557,0.392841993,1577.433,1657369221,70,428426
76,50.84457,6.267366667,160.2830601,19.54786649,1.977965525,-44.64321469,48.77718015,0.364514314,1619.186,1657369262,70,428426
77,50.84465833,6.267408333,162.2832473,19.56608238,-1.095141217,-44.86637655,48.96097418,0.324801204,1661.698,1657369305,70,428426
78,50.84474667,6.267425,164.5834507,19.6616909,-0.754776079,-44.94030876,49.06472195,0.30110635,1700.898,1657369344,70,428426
79,50.84482667,6.267483333,163.0836068,20.51752905,0.49186761,-44.52337303,49.02735492,0.33911174,1739.48,1657369383,70,428426
80,50.844915,6.267553426,162.4893312,20.55690844,-0.230848265,-45.02013948,49.49327741,0.305051418,1775.804,1657369419,70,428426
81,50.84497491,6.267644444,162.3394175,20.14498226,1.327228614,-45.63700888,49.90603932,0.282826064,1808.691,1657369452,70,428426
82,50.84504833,6.267728333,160.1839856,19.31248858,-0.604829414,-45.49880938,49.46005674,0.327153239,1851.656,1657369495,70,428426
83,50.84512833,6.267823333,160.884118,19.6361166,1.76285352,-44.63065834,48.79312728,0.3301503,1900.44,1657369544,70,428426
84,50.84519,6.267863333,158.6842416,19.96182951,-2.287699849,-44.3370151,48.67870876,0.326817301,1935.292,1657369579,70,428426
85,50.84526667,6.267941667,162.0843768,19.90746332,0.133129222,-44.89638318,49.11507666,0.314161121,1974.837,1657369618,70,428426
86,50.84533833,6.267991667,163.2845181,19.09210611,-3.260015477,-44.52571269,48.55744013,0.334481692,1994.603,1657369638,0,428426
87,50.84545157,6.267919907,164.5959503,19.39945864,1.389595461,-44.98378694,49.01006448,0.308926218,2015.647,1657369659,70,428426
88,50.84557667,6.267925,162.6851391,19.50563101,-1.016532813,-44.58384656,48.68053818,0.385671596,2056.011,1657369699,70,428426
89,50.84567833,6.26806,161.2852981,19.49744083,1.263651991,-44.60158054,48.69585887,0.381466791,2099.74,1657369743,70,428426
90,50.84571954,6.26820213,159.7186393,19.30878481,-1.234108145,-44.17813405,48.23180024,0.29042534,2143.357,1657369787,70,428426
91,50.8457,6.268375,160.3851466,19.18221122,0.843305649,-44.55515851,48.51826335,0.315402873,2179.191,1657369822,70,428426
92,50.845465,6.268848333,158.1842703,20.15639965,-1.430761324,-44.0303269,48.44721097,0.302750792,2230.207,1657369873,70,428426
93,50.84555,6.268963333,162.0844018,19.96715657,-2.237358676,-44.29421332,48.63998707,0.255827393,2323.567,1657369967,70,428426
94,50.84561,6.269053333,160.484489,19.81653562,0.018288497,-43.96857529,48.22954734,0.277471276,2367.652,1657370011,70,428426
95,50.845695,6.269158333,159.184627,19.55759779,1.425816904,-44.08108444,48.24861826,0.349478553,2407.557,1657370051,70,428426
96,50.84578,6.269101667,162.1848697,19.29529403,-2.656142606,-44.05531142,48.17258442,0.323570038,2447.164,1657370090,70,428426
97,50.84585,6.268975,160.0851215,19.93182708,1.442679099,-44.37781628,48.67342649,0.325590723,2508.972,1657370152,70,428426
98,50.84597667,6.268708333,160.2856013,19.83044349,1.100048992,-44.38988735,48.63323332,0.307710771,2574.132,1657370217,70,428426
99,50.84660667,6.267995,157.5875909,20.12612528,1.04922095,-44.07033882,48.46366267,0.305677756,2634.037,1657370277,70,428426
100,50.84634519,6.268381852,157.4811507,20.3082389,1.678396777,-44.39832241,48.85303666,0.335226346,3014.172,1657370657,70,428426
101,50.84615333,6.268736667,159.0860112,20.43342476,1.902634403,-44.04237584,48.59054631,0.281553,3115.748,1657370759,70,428426
102,50.84597102,6.269133981,158.3408674,19.45399554,0.268791008,-44.19171175,48.28667412,0.29808691,3175.399,1657370819,70,428426
103,50.845825,6.269503241,158.6791631,19.64465711,1.461827261,-44.34633413,48.52775378,0.30743866,3229.344,1657370873,70,428426
104,50.84574,6.269746667,157.7843549,20.10017294,1.120757791,-43.98562965,48.37772397,0.356148917,3284.569,1657370928,70,428426
105,50.84562,6.269771667,158.9840479,21.96123229,1.93535175,-42.48548088,47.87718337,0.710592571,3350.644,1657370994,70,428426
106,50.84577333,6.269695,156.9900247,18.78773989,-3.217242566,-44.44368417,48.39120227,0.354346845,3407.044,1657371050,70,428426
107,NaN,NaN,NaN,NaN,NaN,NaN,NaN,NaN,3482.39,1657371126,70,428426
